subdir,unrefined_iou,unrefined_boundary_iou,refined_iou,refined_boundary_iou
00000,0.9795063796246121,0.8877073392410816,0.9847481966888401,0.9206751833233409
00001,0.9646206480177097,0.8967795210569777,0.9738540863139945,0.9175710134614244
00002,0.8277347114556417,0.8234777214928151,0.9049239202343824,0.8843041637639998
00003,0.8961061946902655,0.7892547353513897,0.8856336805555556,0.7700152983171851
00004,0.9001127872550402,0.8598645976873764,0.9405692375755789,0.9012128562765312
00005,0.8502992289101162,0.6357180523817895,0.903219888083662,0.7602802538424857
00006,0.9365504426713303,0.8507970512255056,0.9602974892355869,0.8828198828198828
00007,0.8188715953307393,0.8701060358890701,0.9334831460674158,0.973664163673958
00008,0.931105306187561,0.7538570554320868,0.9439985443664962,0.8165914770698777
00009,0.9546897609226184,0.8343007186290768,0.9722649892227159,0.889397442551786
00010,0.7285198555956679,0.533036756126021,0.7596495578146955,0.5767915551590842
00011,0.8465247523217414,0.5401834429468841,0.8542062774678179,0.5700160342063068
00012,0.9539015828047053,0.6918974490779413,0.9543900184842884,0.674016046496936
00013,0.9224109900829134,0.8042806707855251,0.9189342403628118,0.7741480805903325
00014,0.8497827975673328,0.7556286932455681,0.9013597603134362,0.8485464207564865
00015,0.03561133797742013,0.22449467767013515,0.014712495984580791,0.21560362995139995
00016,0.7826835355882606,0.7690492245448416,0.8900872634572017,0.8272288186757899
00017,0.9628348244452253,0.8683769282360831,0.971208114076942,0.884928631402183
00018,0.8304730807198725,0.498819641170916,0.8325085649029311,0.5524522806470068
00019,0.757449088960343,0.5865398612256781,0.7711445488619697,0.6162135353262095
00020,0.0,0.0,0.0,0.0
00021,0.7668994413407821,0.5102322770054399,0.7399604707573444,0.4691411648568608
00022,0.9332786717228656,0.889261744966443,0.9492984194877679,0.9057839925683274
00023,0.9219012311135982,0.8432063232956742,0.9338420585625554,0.8585369993211134
00024,0.7847482014388489,0.8603566529492456,0.9284712482468443,0.9603127766302744
00025,0.942845302986835,0.8351024890190337,0.9469117223271749,0.8467086642928878
00026,0.7984121215509771,0.6284286199129925,0.8641549402330155,0.7839706271500397
00027,0.9571926999463232,0.8342161469457496,0.9632788065612132,0.8697789748193749
00028,0.8750907770515614,0.8526772580170638,0.9657235246564269,0.9403575383641829
00029,0.9020521463269555,0.8548182586644125,0.9745552560646901,0.9448789571694599
00030,0.847595976618042,0.6733488556987904,0.8702220310735982,0.7505590916910373
00031,0.9134517766497462,0.862393473080496,0.9477198840172217,0.9139525197834236
00032,0.9460202761000863,0.8995186062504775,0.9532537960954447,0.8439966178128523
00033,0.8658366626405277,0.7236469755925009,0.8768702361908347,0.7596745921164996
00034,0.9750671733920747,0.8928095517296519,0.9800452631835106,0.910517547159671
00035,0.9044773953218355,0.8208959029141065,0.943172928915693,0.9166405679089675
00036,0.9437921007104207,0.8780983969043671,0.9523446931005665,0.8859110448284937
00037,0.9363729508196721,0.875929847423576,0.945251512174947,0.8899656993520989
00038,0.8964012251148545,0.8350290244054678,0.8691312384473198,0.7433163941670349
00039,0.8783765860559707,0.8862332695984704,0.9124890668876307,0.8636626579388035
00040,0.9189728800399313,0.8377786624203821,0.9498423617082259,0.8444950571816243
00041,0.9320279490790752,0.5716755319148936,0.9259611336692152,0.5509715198296513
00042,0.9240543091555943,0.8928923380142892,0.9539015066336857,0.9253158986609669
00043,0.8403102341914458,0.608469514445824,0.8684936228886591,0.648339208900676
00044,0.894251310934162,0.8180896883709147,0.9573272273105745,0.8954219814782457
00045,0.24581489895970346,0.16282222751506933,0.26099692307692307,0.23702523121127772
00046,0.8107823523217859,0.7086586847128232,0.901302664006572,0.8605045180722891
00047,0.9382184676255146,0.8709278350515464,0.9578145478374837,0.8948869423507843
00048,0.7993684875276287,0.42250744699491855,0.827554010109791,0.5151024082826918
00049,0.8616007058772892,0.6739905531007161,0.8921955595424983,0.7425019225839529
00050,0.9644120105445895,0.8969061925808214,0.9674288109903576,0.904112995474213
00051,0.9148133551038793,0.8630555966651867,0.8952003522677234,0.8287250749536001
00052,0.2541259505749,0.0028332892599448453,0.2519777879202799,0.0
00053,0.5103078982597055,0.4355041652204096,0.6135116521893675,0.5080581516095535
00054,0.90104119511091,0.886843824874755,0.9183258650159375,0.8997688362349202
00055,0.956052059138001,0.8646173107970083,0.9688399028582103,0.9041197242307045
00056,0.9493966659691707,0.7872101299966283,0.9583164639405728,0.8142266213620919
00057,0.966523331740723,0.8351899643918853,0.977797126686983,0.8676742344244984
00058,0.8114376770538244,0.7743670542214496,0.8993667128438552,0.8854550775534095
00059,0.9426691067783487,0.8509502998272183,0.9586271071185712,0.8768576406682382
00060,0.580924985392602,0.6167671525604823,0.6006413533485151,0.6542966484982025
00061,0.8411777347947561,0.7008010304713601,0.889159891598916,0.7952134324617827
00062,0.8197465481369397,0.7961760461760462,0.9318624269954575,0.9198717948717948
00063,0.7968542076968116,0.6093185600064938,0.7655526860824874,0.6391370301702343
00064,0.16803505025588159,0.2692322449449411,0.1810784460776961,0.2744468376737811
00065,0.9131077426253223,0.7888339513803049,0.8844513495399988,0.7534237869784881
00066,0.8893892275158601,0.7446067187363897,0.8799320648829596,0.7587231490568095
00067,0.36210780370072404,0.3440990561953416,0.35868410298324477,0.37198822059610925
00068,0.47258984439891466,0.2246063853050514,0.4194475844104782,0.19733112380620121
00069,0.7381999413661683,0.770871494280946,0.7726826273787599,0.8062280882656218
00070,0.7700184598237609,0.667474064256661,0.7750823809857673,0.6590733921383917
00071,0.9411523329069009,0.6591976640853117,0.9426312735712213,0.6707735297853423
00072,0.3176945390339261,0.5768171222716677,0.3331084727468969,0.5878730802665894
00073,0.6923596047240299,0.43800006531465335,0.7227038941954446,0.5030137724349261
00074,0.9514513108614232,0.8400767631536862,0.9747709722288839,0.9145064805583251
00075,0.0,0.0,0.0,0.0
00076,0.6401175338689965,0.5713218820014937,0.6199167385896329,0.6519762845849802
00077,0.831972907259465,0.8023428673366236,0.7973029218346791,0.7533400696081733
00078,0.8771506395890081,0.8409209550237657,0.9014893617021277,0.8759379422681514
00079,0.9226937202283554,0.8205676855895196,0.8997553278252545,0.7607726597325408
00080,0.5548264254870626,0.605714514707061,0.5567685589519651,0.648448607510245
00081,0.0,0.005348955680081508,0.0,0.0041270881100556826
00082,0.8275857306614002,0.6230794738587377,0.8051648543194647,0.6404555006531493
00083,0.586978886004017,0.36713745772826734,0.572042394729304,0.3940097842536867
00084,0.8887043189368771,0.8588633422912312,0.9122590693750405,0.8967793161629696
00085,0.7785008196314143,0.5866367743469547,0.8177311625965352,0.625646185338098
00086,0.6752146602892871,0.48130550981292014,0.6340804022817594,0.5286795366795367
00087,0.5017483503468502,0.3657114460824913,0.5656020350480497,0.4854165964190579
00088,0.9259626508015204,0.7815305417791449,0.9530289541735555,0.8518565859270147
00089,0.9182862909789368,0.7274146695715323,0.9232758338515924,0.7462605286087715
00090,0.2030756468749003,0.2903413453707797,0.34479863162805163,0.402630908395974
00091,0.5196846608662212,0.3401975308641975,0.5498489425981873,0.34874215366648825
00092,0.9333928571428571,0.8073404199058649,0.9360080168927383,0.7731317625644656
00093,0.9244168279515127,0.7061383266301839,0.9325865789744117,0.7074557436361287
00094,0.7922041503084689,0.45045529384093275,0.8041031353709763,0.48162624196376386
00095,0.8509950387424048,0.7745613253763249,0.8293836286552886,0.7234453298283086
00096,0.9273680558232776,0.8822112121623455,0.8922726102467909,0.829854780914063
00097,0.44690114127561653,0.49947765092157304,0.49695481649182105,0.6430360238874976
00098,0.9269989218516329,0.810319664799209,0.910545183982684,0.7535293066476054
00099,0.95177213141285,0.8153646160942676,0.9750592136428233,0.9134225554732116
00100,0.9394612299279697,0.5638067471886714,0.9573267326732673,0.6656149997746428
00101,0.8971234884573104,0.8223449447748513,0.9713147410358566,0.9480613165013526
00102,0.9061119358935374,0.76147724954091,0.9391110698710217,0.8598008229471048
00103,0.9373846175200922,0.7821696344892222,0.9671208148880388,0.8831114706675492
00104,0.91693380772889,0.7282427837661868,0.9354048997149702,0.6903659343337627
00105,0.9526681526157074,0.8354305452751049,0.9416645060928183,0.7245625673770628
00106,0.7798279556138276,0.4486270675466471,0.8217137850860936,0.5064843000708894
00107,0.9122184849371161,0.7989268698829733,0.9398085330921152,0.827889738244151
00108,0.940195486907204,0.8206730596559279,0.9531662914749927,0.8632640431031344
00109,0.9273329436976427,0.756192651518135,0.8839722828952323,0.6186798208606478
00110,0.9390133346519639,0.7501753608742201,0.9281617623097729,0.7179774468700304
00111,0.7799880167765129,0.7827943868212325,0.8692713262133297,0.8690007293946025
00112,0.9388917281156458,0.8699193749480508,0.9475702381830249,0.8847872868730343
00113,0.8499479399077793,0.5790936657681941,0.8537234042553191,0.5950137580255149
00114,0.913527180783818,0.7012922012922013,0.9468511675446183,0.778332710978342
00115,0.5112788122385367,0.25878594249201275,0.44281045751633985,0.24021694356721132
00116,0.8153448832454536,0.8613787530303972,0.9403320434402697,0.9552907091591493
00117,0.8481377300301624,0.767625442337356,0.887002445681069,0.8290184391879307
00118,0.4139227158310089,0.40314957292130305,0.43095626284823135,0.42790075115870224
00119,0.34328582145536385,0.37679047092526513,0.28505635988906136,0.3804372099947892
00120,0.5186997482335742,0.6909724204876377,0.5179635862292689,0.7289855935230385
00121,0.8748650269946011,0.8543504339848987,0.9622299831845815,0.9579480405107882
00122,0.9387827822120867,0.6402855685874553,0.961532144747167,0.7833250675042707
00123,0.731720202874049,0.742727815011053,0.764863208335655,0.7961129845172051
00124,0.8882575757575758,0.8837472766884532,0.9770204987596292,0.975634331776129
00125,0.4123940972912772,0.1165444172779136,0.4067876410004904,0.12520761918224546
00126,0.8254167977351369,0.8735779294653014,0.9254727474972191,0.9450783508291496
00127,0.9157977634273113,0.7031809563935117,0.927380003189284,0.7671294424226086
00128,0.9638077707576738,0.855301987015542,0.966616841056303,0.8504929844520288
00129,0.8946382394849333,0.6334557359642525,0.8926361793433905,0.6871657754010695
00130,0.8883087933360708,0.864201003140674,0.9126926782273603,0.8942931565237983
00131,0.900492940095246,0.8630819383905352,0.8659541125889019,0.7660778360474745
00132,0.9714668353111864,0.8453052980475426,0.9767180925666199,0.8760677042393754
00133,0.8941854136429608,0.7125037421415028,0.895037908021973,0.7227446882619296
00134,0.8203452631578947,0.6135181287478655,0.8292529283573958,0.6688947613866003
00135,0.8892629523026315,0.7258359263100707,0.8980328039032492,0.7207039633710116
00136,0.48029654036243824,0.2650191112537566,0.41261567621808454,0.24888915396773328
00137,0.9484094559184019,0.7789308080960881,0.9788155924218852,0.9018960697807564
00138,0.48065790938439273,0.007969094922737306,0.5075028894939957,0.018290889842968887
00139,0.1536632735065631,0.3352560083594566,0.15495403472931563,0.32680942184154177
00140,0.7592984902523398,0.48865049198962734,0.769780847245636,0.5333688051079355
00141,0.7742998042463485,0.7301946762018275,0.7750602954476937,0.7312332178853562
00142,0.7366526694661067,0.868379535722335,0.966798418972332,0.9826196473551637
00143,0.9422930903568717,0.8397356828193833,0.9664776621596362,0.9070772309651597
00144,0.8260430346499646,0.8160681679853926,0.9096824862560305,0.9109052961127054
00145,0.9023605643295906,0.6062566040152413,0.9186793741462809,0.6959358253170456
00146,0.9635742998944508,0.8349770951226084,0.9663979100040538,0.8495289367429341
00147,0.9083229036295369,0.8677303988995874,0.9109898274088467,0.860501360382492
00148,0.2515204486689246,0.21501381347051537,0.30660145810228534,0.16854424149622663
00149,0.8825037285607755,0.7377508403789345,0.9348802764749444,0.812093359496024
00150,0.8138950015718328,0.7055356227575602,0.7941582336706532,0.6596365996106425
00151,0.9120953295776111,0.7450389727755394,0.8881838406310042,0.703330189363709
00152,0.8810456176319836,0.5965268863214948,0.9066990188838485,0.6887568214098826
00153,0.9397911986256112,0.8416820111983766,0.9618006709230603,0.8862039159682814
00154,0.8341998249858444,0.31263799165917083,0.8781280761485041,0.5008086513626379
00155,0.9529624422574814,0.832082927667373,0.9682170542635659,0.9026607673192315
00156,0.9122920219385169,0.891987958362047,0.9039305301645338,0.8434977274269045
00157,0.9476502501233002,0.8379989797219742,0.9357022291053996,0.813933959151846
00158,0.9311795026635322,0.7903091893328019,0.9552423726188632,0.8613070539419088
00159,0.0,0.0,0.0,0.0
00160,0.1772113307087658,0.04219664849586109,0.1803234464991435,0.04421175101803374
00161,0.7979610750695088,0.8071008876109513,0.8982740585774058,0.8941820122764879
00162,0.9514002858806713,0.7884547806919464,0.9296623430367142,0.779211356466877
00163,0.7299104580415566,0.4536810459344194,0.8660667174766958,0.7042608490194534
00164,0.3836752999215159,0.5229206349206349,0.4031164919191334,0.5681305328935948
00165,0.6639882190991453,0.1235075590519896,0.6807658643326039,0.2523877302638365
00166,0.9229802718535319,0.6488893658117824,0.9338004190675746,0.7089232795521897
00167,0.9605682511697294,0.8142141800386935,0.9644924082521958,0.7954729620225812
00168,0.9542541202986337,0.8864240876689009,0.9681303369180749,0.9222264375914585
00169,0.9604824223761869,0.8247150637246645,0.9670126874279124,0.8355582863207284
00170,0.9255997054575321,0.8029632015460182,0.932998372776842,0.8255471804587045
00171,0.6511921766838809,0.3993622209716751,0.6628216032319796,0.38736756788050714
00172,0.5987440940721844,0.18237227253620697,0.5750967798060054,0.22519047390866836
00173,0.32303559435862994,0.09843167836409324,0.33605496752154446,0.20454104405200854
00174,0.9491216382061082,0.8831838377064297,0.9364579730197163,0.8570315703157032
00175,0.843961756242458,0.8153846153846154,0.9583244737401658,0.9292048587823236
00176,0.9276061183119356,0.8401785392894424,0.9246761995162129,0.8413778439294067
00177,0.8908273748723187,0.8071926352920933,0.8705012981825444,0.7637950914182178
00178,0.8485914175614501,0.6405895691609977,0.910389173427044,0.7796512911057162
00179,0.8107045835500838,0.7149167516139994,0.8145653057668855,0.7213602793839812
00180,0.9108051481592337,0.866525998492841,0.9252052295530556,0.8217615693878133
00181,0.9008755187979036,0.7212572018230287,0.9119386973180077,0.7538627535606388
00182,0.9305511493092609,0.8932330459840289,0.9462986860628813,0.9060763974239221
00183,0.09187638126470378,0.2667575733269164,0.0904309969525468,0.2186651144741948
00184,0.8974054054054054,0.6865563519902395,0.8712845289360361,0.6173405585660692
00185,0.9565743354322405,0.8346250218518735,0.9459401447320005,0.8078685144886039
00186,0.8878939411559483,0.9106890280864821,0.9745827984595635,0.9779318149667563
00187,0.9225302561215873,0.8696292330343997,0.9865210843373494,0.978595704678574
00188,0.9168641390205371,0.8759422110552764,0.9804898738203796,0.9706987227648385
00189,0.8655445142973027,0.709364795112188,0.7883268482490272,0.5825164133465239
00190,0.8994722726879488,0.8018326945797193,0.924297451774232,0.8348729792147807
00191,0.8438511326860841,0.7497806766601823,0.91799864632686,0.8898735627793269
00192,0.9264894984997857,0.8569226534544454,0.9424754634678298,0.8868924725182746
00193,0.9477574416733708,0.8344885177453027,0.9677460773991423,0.8910840061845043
00194,0.9208815028901735,0.8614233792578818,0.9290986968012394,0.8868600826515982
00195,0.8194693549384625,0.5733818925308287,0.8332704639758581,0.5618945779343314
00196,0.8802517702596381,0.6253793900852724,0.8633160141982612,0.6258842520058872
00197,0.2711813120309852,0.11811041142831713,0.25016748548459133,0.08659189906373604
00198,0.8715942302253229,0.7464532281314012,0.9301037365293584,0.8227217984745082
00199,0.9208515688747125,0.840852602244483,0.8942328461372309,0.7890697841210643
00200,0.9426769296557622,0.7862827905465768,0.9600898523542626,0.8343528260337656
00201,0.0,0.0,0.0,0.0
00202,0.7892980041293874,0.6189307046795413,0.7740086323172377,0.5861229661242998
00203,0.7221662418746172,0.5365630189543606,0.7411065590394678,0.610719322990127
00204,0.9397423191278493,0.7802294089533216,0.9385315879339784,0.7850996201255911
00205,0.8549960967993755,0.7727507565133959,0.9058701298701298,0.842423315229863
00206,0.8378143658404198,0.6151809720785936,0.8305413064533487,0.643892699019012
00207,0.9200103070013989,0.7193003121503033,0.9021115322144018,0.6744264129826525
00208,0.9088684134753815,0.8395592933046483,0.9521152250961465,0.8990684270491254
00209,0.27110667996011967,0.2604512856393213,0.24416265536317264,0.3234532200734984
00210,0.9391655319976658,0.8411196659271826,0.9478124386894251,0.8647815247342868
00211,0.9185768387482559,0.5903793701958839,0.9579753325942351,0.7690902447935696
00212,0.5366057989946894,0.40696241528034505,0.5239556424565059,0.40385197746956575
00213,0.6280701754385964,0.40965588675336634,0.6807407407407408,0.4458371177717227
00214,0.968026627666549,0.7677143729020446,0.9797199584871633,0.8488011640412475
00215,0.9423914495657982,0.8484138365219824,0.9390341302380065,0.8052949281543206
00216,0.908507808086882,0.6442015786278081,0.9141694617034145,0.6843557402895227
00217,0.46806780280531823,0.14491694675824443,0.47690690187759355,0.12725870657135116
00218,0.8482481419687548,0.7358872425009035,0.8410491507590561,0.6815626756604835
00219,0.915204286671132,0.618176233105143,0.9018971825142383,0.5672362071214295
00220,0.9463848513961632,0.847141082846497,0.911509439589609,0.7605853818959138
00221,0.9388511675699636,0.6912942852056257,0.9668699692971537,0.8053913454717427
00222,0.952620317223109,0.8577642002796044,0.9556047700170358,0.820984393757503
00223,0.9119304262616365,0.8596545501417892,0.916389811738649,0.8751491878989155
00224,0.9554906968259759,0.8377459663905779,0.971644361998145,0.8939506356036998
00225,0.24741926687702076,0.043544988684545954,0.20564999190545571,0.02380005506439475
00226,0.8691295689398335,0.6107428182899881,0.9371481134918244,0.7181815315741353
00227,0.91318145755412,0.8756962025316456,0.9034699254442513,0.8360079032335791
00228,0.7805870744943266,0.7478003347783166,0.7887446967806339,0.7448909113070329
00229,0.9565396467034811,0.6858837846060237,0.9699904093060668,0.7803307318670524
00230,0.9340513194951496,0.8026591745479008,0.9437139318559119,0.8235895419697268
00231,0.7822702851632456,0.7813838477502539,0.817248733671021,0.7871947465626924
00232,0.946023626199768,0.8310086064357485,0.919566164970129,0.7663026521060843
00233,0.8765463917525773,0.8666563563253944,0.8894031349604855,0.8798027779448019
00234,0.9263324260251119,0.7481740454844404,0.8973165200659703,0.6580334018040547
00235,0.37553819658014514,0.20413576780839157,0.41638037070025874,0.37230312837108953
00236,0.8036010162377113,0.7346090446498961,0.9593721144967683,0.9436585365853658
00237,0.0,0.0,0.0,0.0
00238,0.8960629017447199,0.8496236974141258,0.915307917888563,0.8741551179187941
00239,0.7137708177976634,0.7734271622759533,0.7988215488215489,0.83911172972289
00240,0.9185476410730805,0.8675641025641025,0.9233415461856724,0.8656873032528857
00241,0.9049893679312151,0.844355902241926,0.907671982056718,0.808131373328036
00242,0.9416840487430014,0.7855362510079906,0.9627344521224087,0.8387843598412466
00243,0.872847616203842,0.8898317019928174,0.9094020639941918,0.8758343549925078
00244,0.9352522812667741,0.8198435640197246,0.952566468457385,0.8637186449444013
00245,0.7819453131981057,0.35966402124571534,0.8147725685553331,0.45595889947948354
00246,0.9519352124526714,0.7799176356589147,0.9571782439127227,0.8085518745079038
00247,0.8545170731707317,0.7562159602178546,0.8445421923833777,0.7321746535573276
00248,0.8961966348953385,0.6424568898795703,0.8945059019838082,0.623944288042673
00249,0.9687198422355557,0.8263239428538642,0.9715595944297194,0.8448979591836735
00250,0.003313110451357515,0.12701866911006757,0.0017281603732826405,0.0896680473717986
00251,0.8698216542620418,0.9068113106882447,0.9518184644078334,0.9603292028851489
00252,0.9071914033798677,0.639819044662261,0.8851030465949821,0.5687342833193629
00253,0.9025286519919956,0.86581019716043,0.8903274396585733,0.8310808943426471
00254,0.940849333207226,0.8314875281920087,0.914364843549393,0.7646044338528112
00255,0.9339079924785434,0.7641675926531146,0.9493007323858368,0.8171186611553584
00256,0.9487179487179487,0.8386701125761094,0.951328255619543,0.8383218104521836
00257,0.9302733630006357,0.7298892988929889,0.9415355293996446,0.7274701411509229
00258,0.14290168364165454,0.32886739551775396,0.20133911326666382,0.39800919169697896
00259,0.8990211556678245,0.8741195998384999,0.9257934443288242,0.8755726189956808
00260,0.8170580964153276,0.8521836506159015,0.8465346534653465,0.8982248520710059
00261,0.8911601462027887,0.8685433052757463,0.8427023581899299,0.8315269644261866
00262,0.9152134006424966,0.8426034840082899,0.9156200045672528,0.848313997614659
00263,0.9590980434816392,0.7595311751121956,0.9732240006307656,0.8327828801520155
00264,0.9443922027092282,0.8562236143265696,0.9452451765423625,0.8668395876844304
00265,0.9281990648680604,0.8748588143299835,0.9187903590125163,0.8585151868510189
00266,0.92113226579246,0.8068789599275898,0.9033548784241305,0.7597774244833069
00267,0.9185256858212834,0.6992972066640505,0.9294051546018052,0.7363113954244823
00268,0.9392388159359003,0.7397305290831416,0.9233865102070504,0.700834326579261
00269,0.867236279986855,0.7441099476439791,0.9211054795830544,0.8110748152611715
00270,0.5732050918230834,0.19979438675850725,0.6040625933990863,0.332770129906102
00271,0.82704982863169,0.5176096742872275,0.8674216120933711,0.5979075231635412
00272,0.6945582047685834,0.5031138005992597,0.6556476738659767,0.4789894003194424
00273,0.11807764147609673,0.17820306082088416,0.11002563234511777,0.20811287477954143
00274,0.8880523051345994,0.6049670417471203,0.8984485190409027,0.6699732798931196
00275,0.8546953733394411,0.8325563728029283,0.9064793661595295,0.8838848039215687
00276,0.892463509085493,0.8067135404853708,0.8804310555963752,0.7542422469280281
00277,0.8954128440366973,0.889864448552064,0.9823953823953824,0.9801574286651361
00278,0.9312171000159515,0.811199050257222,0.951524042379788,0.9072596729158356
00279,0.8843039222589959,0.7855642023346303,0.8911052743664372,0.7711845689464772
00280,0.8784566763234132,0.8712488412130843,0.8312165359232973,0.821161025229875
00281,0.8336037314946259,0.8235766374523316,0.9253187613843351,0.9162422184493492
00282,0.8645437425098442,0.7322245653125373,0.884457827106894,0.7536553473075247
00283,0.8235851706221037,0.7268137219795173,0.811455269077695,0.7510687845399882
00284,0.9361628709454797,0.7332720441282277,0.93760607158521,0.7204966526545228
00285,0.8893770594696375,0.7606967551366144,0.9387239680370968,0.875462942305118
00286,0.8842224744608399,0.7563099893352293,0.8757350397786233,0.7320549365120498
00287,0.7623698910289674,0.6211471504489646,0.7788827501534684,0.6419595702057913
00288,0.1793596419594659,0.02729248852749376,0.17953290870488323,0.02832552125424277
00289,0.9155108908189714,0.7699161732809661,0.9341592427616926,0.8058501131895627
00290,0.936961967661125,0.8311418261880007,0.9529831387808041,0.871537309708011
00291,0.9727533090796501,0.8747666954977922,0.9744882133995038,0.8831245729902072
00292,0.9352616224939483,0.7836607916787056,0.9112322835434917,0.6735299631319127
00293,0.29402346365462434,0.08668121006197031,0.2802830581379215,0.16908377409998293
00294,0.9462724286075309,0.8175499160291099,0.9599414904537056,0.868969116181982
00295,0.9263678787309343,0.8890502368357363,0.9354125193541252,0.8751903091282187
00296,0.9121882683526519,0.7773246329526917,0.9203377819770875,0.793564899451554
00297,0.8199759567220998,0.7995854308557891,0.9530511016264852,0.9186230462570398
00298,0.892398707649319,0.7366138565383136,0.8629619230686162,0.6976485956890921
00299,0.9260461000379251,0.871228013554946,0.9549760973489787,0.9004393566850739
00300,0.1156919080604534,0.02841719683824947,0.12089991157176054,0.05257172848145556
00301,0.764545061169899,0.6034122240521086,0.80272614622057,0.6667951824924726
00302,0.9601155771116041,0.8790933958577569,0.9812275891162202,0.9422563687828548
00303,0.8107893692978977,0.8471192241871078,0.959203036053131,0.9644529587058323
00304,0.9573363586358636,0.8453108269824274,0.9596788089740497,0.8398081825907491
00305,0.8908523908523909,0.896467451677405,0.9706290180259675,0.9727832800436715
00306,0.17890473292177492,0.04887975072598936,0.18175594602751624,0.07044709492920416
00307,0.9183352552678478,0.8168299303670483,0.9829935803581484,0.9585152838427947
00308,0.9187469407733725,0.8310854466160555,0.8990396117433952,0.7843703105159875
00309,0.8806853582554517,0.922338166035645,0.9547014413177762,0.978582404917403
00310,0.7622513792943576,0.4274359284332689,0.8242003409204853,0.5577956989247311
00311,0.9024805229694636,0.893822645944887,0.9698167791706847,0.9589764697811621
00312,0.957795300592718,0.8368238742339462,0.9716532896679462,0.8955413309789206
00313,0.7230204169817436,0.7857058754268221,0.8371097683786506,0.8581030619865572
00314,0.9567585141835325,0.8656060418472205,0.9627017772705039,0.8607272727272727
00315,0.12715225563909774,0.0,0.12806580778296306,0.0
00316,0.8754880089235918,0.8226396067061641,0.9144459006844328,0.8774604399845619
00317,0.9575667423471385,0.8454481792717087,0.955193005737481,0.8145789580651718
00318,0.859124137459862,0.5762260454294985,0.8427351576682579,0.5137881413174357
00319,0.9743224171203088,0.8509465020576131,0.9806314017932275,0.8836929460580912
00320,0.9358261395630221,0.7722032859714296,0.9488462082959747,0.8153749706135883
00321,0.3298500241896468,0.24664081168958357,0.4529570540319082,0.2830896425017224
00322,0.9234513477522156,0.8636343104927955,0.9339679591362897,0.8845197740112994
00323,0.0,0.0,0.0,0.0
00324,0.5275524598836184,0.2617121718245314,0.5009418560843903,0.25224897301232385
00325,0.9372100267226257,0.6915222915222915,0.9416455237404857,0.7262529071093073
00326,0.8228920409771474,0.6818815654922377,0.8681581685744016,0.763421027084749
00327,0.8737113402061856,0.8907837445573294,0.9807342784442021,0.9772771037935682
00328,0.0,0.0,0.0,0.0
00329,0.8449693788276466,0.8919049927290353,0.9653635811221389,0.9712512926577043
00330,0.929057964562372,0.8390231746822826,0.9587860966252384,0.9021456999480879
00331,0.8648140409527789,0.9106320636249476,0.9688826025459689,0.9792944785276073
00332,0.5322195704057279,0.3809807640205906,0.5632075471698114,0.409778534017494
00333,0.4297036933618292,0.22171013535820402,0.4280991204981704,0.22740412170749333
00334,0.8824081632653061,0.5837390457643622,0.8205230395505959,0.4832505094562225
00335,0.061839012925969446,0.10838771766262668,0.031938796353035113,0.11265842591143796
00336,0.6666571178939227,0.5684015988309623,0.667081741022228,0.5819194803740411
00337,0.3520384436521469,0.060464639212267295,0.35536198622991866,0.12471387944787404
00338,0.8311304836895388,0.673283078904504,0.8895546009495817,0.789220981874925
00339,0.8686067660967625,0.8668393275996873,0.872385549217493,0.836276158445441
00340,0.9359718239902468,0.7472756479833282,0.899620266898123,0.6399416349882886
00341,0.8778719126938541,0.8920137095638293,0.8857411969279815,0.891888156985582
00342,0.8097962297046966,0.6678430205365874,0.8003338538581659,0.6345511121355307
00343,0.8166486291486291,0.8084553158705701,0.8608294053230491,0.8267207006993921
00344,0.9282091154800252,0.8471055922815794,0.9522760088152595,0.8458149779735683
00345,0.9012750029243186,0.848997995991984,0.9608832807570978,0.9359543436905516
00346,0.467486283275757,0.26611456589332694,0.46720146222583264,0.2779974368063698
00347,0.7862126709461346,0.7483338622659473,0.8258928571428571,0.7889052528227786
00348,0.9138773742498298,0.8128133294013565,0.9205112219451371,0.8297445797445797
00349,0.885370720436883,0.7754607177497576,0.878234869574183,0.7662645218945487
00350,0.9159155451290283,0.8016067841999553,0.9336491897444498,0.8514439425468203
00351,0.9297820823244553,0.7171989803568751,0.9435674252035523,0.7435387673956262
00352,0.7834520846827805,0.6736467112694413,0.7494038090882362,0.672323503878574
00353,0.928817246482766,0.735836627140975,0.959670584767309,0.845641803187752
00354,0.7770807734592252,0.6323761261261261,0.9209554140127388,0.7947826086956522
00355,0.8776914539400666,0.899351039538517,0.9719718483763428,0.9700222292791363
00356,0.7368421052631579,0.6715679030589626,0.7458390689525717,0.7255383895131086
00357,0.9614876033057851,0.7951849267271458,0.9726521133302369,0.8524985876431617
00358,0.8793482111229188,0.6349382893226176,0.8773589345380959,0.6391510249230875
00359,0.8966353712771215,0.7295539033457249,0.8932247382081804,0.6237607845238733
00360,0.1772420999531582,0.3245092363559813,0.17269544924154026,0.34031497750160705
00361,0.2301211694022086,0.2699125789218067,0.22223356472029399,0.2934723895790917
00362,0.916502685741637,0.7191456255746517,0.9344937910091644,0.768742243959413
00363,0.9185807521725021,0.7621246097700392,0.8779604922949633,0.6947030624777148
00364,0.9415748557256641,0.8198215925488653,0.9524314936318024,0.8214967544864452
00365,0.9237423110720563,0.8696339810212381,0.9504055161499986,0.9138679914833215
00366,0.8836102221007093,0.660868253688947,0.8902288789470272,0.6681438430802761
00367,0.9506816359262229,0.8794241151769646,0.9474889492464185,0.8545986992202131
00368,0.7968436380809949,0.6932367149758454,0.7904828989590671,0.618150235972732
00369,0.38533454525218425,0.206880571381839,0.4086563499739603,0.20082530949105915
00370,0.7351029347349978,0.4516625325755911,0.7264982424546761,0.4603362826476938
00371,0.4874113546754942,0.13913674478606752,0.49175231138927733,0.16151304301104155
00372,0.9787902271892972,0.893957880218556,0.9844522535038615,0.9207679826933478
00373,0.4769613227727352,0.0,0.47855493810689465,0.0
00374,0.6123593206466135,0.34603472949016423,0.5684814406747464,0.40970123821424514
00375,0.9132751091703056,0.8637164399971813,0.9890736342042755,0.9859929211537013
00376,0.8893192799331309,0.7221389587987445,0.8560699407381329,0.6366143297227467
00377,0.8755609460278957,0.8520026408450704,0.9054607793945476,0.8320554305008441
00378,0.941920932272414,0.8455033338754269,0.9337439343038447,0.8255870054679961
00379,0.6146742695665338,0.3835117585117585,0.5205110674301342,0.46229508196721314
00380,0.7946058091286307,0.7945764338852892,0.8540587907273162,0.8498694516971279
00381,0.9188449720082502,0.8231877429682141,0.9273631417885073,0.785554476761366
00382,0.8535863687378838,0.6167615947925142,0.8694951385639266,0.6447411803494889
00383,0.5808888657322983,0.532256401443547,0.5878192949123918,0.5300796748491984
00384,0.978121656103383,0.87765232095129,0.9750890263714984,0.8419992579636402
00385,0.34747362576346474,0.24463129189864788,0.4268674408697746,0.32952153781394694
00386,0.6711430022181245,0.1945923492315245,0.7326768781911014,0.456261993091979
00387,0.804898720230528,0.7611708040014821,0.8172514619883041,0.760560802401347
00388,0.8950066009163625,0.9031264367816092,0.9298259748630358,0.9166514181152791
00389,0.8938704925382694,0.7771263068663464,0.90218515645203,0.7709381677810712
00390,0.24283120409598744,0.1278544388814263,0.23566858757600292,0.19177757458769346
00391,0.8905839032088374,0.8591054682977656,0.9111852729034342,0.8797161580518826
00392,0.24359346994138448,0.06719263438526878,0.2314827602080744,0.08428350085415756
00393,0.8398487658724497,0.8083275640391653,0.8448523085747061,0.8005932120976369
00394,0.9041991803738842,0.6934283523521717,0.9252247852690242,0.7464884458541006
00395,0.9172406841167972,0.7289974267117413,0.9493992244692135,0.835555435604016
00396,0.8374982352110688,0.6912068179990888,0.8107716294209361,0.6504047147433546
00397,0.9614778199173307,0.5907542579075425,0.9695446195494537,0.6638076754523258
00398,0.826226012793177,0.8168008400420022,0.9420307542103978,0.9226154769046191
00399,0.9511618747538401,0.8503453568687643,0.9733906732965999,0.9165952961328151
00400,0.9253842571029344,0.8633927426593153,0.9339156229400132,0.8810209124022517
00401,0.9348115745279936,0.7921892696841311,0.943044879113073,0.825827362674855
00402,0.9218401071907102,0.7804251021438736,0.9307434608942147,0.8049306210427051
00403,0.6455784391615229,0.5631498000615195,0.7887964517503195,0.6467997521246459
00404,0.5475963959930606,0.552248051905709,0.46821861378550556,0.5332080789102865
00405,0.968487223446812,0.820293698737783,0.9789678740053488,0.8744263452519038
00406,0.3573416904783851,0.2840141121128969,0.3400775615491252,0.283353946046224
00407,0.9588554329530578,0.8795811518324608,0.9789956081726179,0.9372475087530299
00408,0.9165996553704767,0.833286420845229,0.9521858466923903,0.9131211567226193
00409,0.8308239230447512,0.6431732426515117,0.8385245209757745,0.6584976996310299
00410,0.9052555079559363,0.9232579422146686,0.8908180174751431,0.8515296940611877
00411,0.9044318420499895,0.6884788799240626,0.9211792805960571,0.7440237835214173
00412,0.9368578927634046,0.8706236958033852,0.9620867688988209,0.9215794888027221
00413,0.7983102642459105,0.8351936329224497,0.9604803493449782,0.9688924644676857
00414,0.9549808565450689,0.7598772535481396,0.9678838222145308,0.8257881487992967
00415,0.9255534298988795,0.7893890675241158,0.9504911591355599,0.8589300946423494
00416,0.0615268784821563,0.2496698477562106,0.04902199744074097,0.24901216799685988
00417,0.8872816593886463,0.7508985623003195,0.9250879361156004,0.8317267393126572
00418,0.7874783995746378,0.5442372236254801,0.7805079331274625,0.5346895658692837
00419,0.8725326524599823,0.8330524748207078,0.9074083542103379,0.8692930636516568
00420,0.7645584045584045,0.25065829451083654,0.8001669747748822,0.46319127849355796
00421,0.9341814408805883,0.8512901898548169,0.9437977446344125,0.7916756176154672
00422,0.9302922195053513,0.8241034821273893,0.9575895580043101,0.8625177607274794
00423,0.9027586463646179,0.7199560801537195,0.9139185165642785,0.7498195146331982
00424,0.9643083809332933,0.8082781610259734,0.9564633742127941,0.7659947808872491
00425,0.8735887737129328,0.5865270737600076,0.8816004196293274,0.6121241279769064
00426,0.9296094341099429,0.7081660680329601,0.9790830630531582,0.9083080943048875
00427,0.8668639053254438,0.8414763027396147,0.8926772568771794,0.8223517680447956
00428,0.9596097150077215,0.766583967137105,0.9655138101127269,0.7903605183252791
00429,0.5264419051054455,0.211361977842153,0.5246606012760615,0.3130593100043202
00430,0.7347348818974812,0.6517606009897817,0.7529760409864885,0.6450319682045965
00431,0.9023379698135543,0.7526335073738206,0.8790974125351461,0.7356265356265356
00432,0.9107150923792745,0.6762286860581745,0.9054096101702449,0.6825050569150835
00433,0.9609762639131018,0.8353055375797356,0.9585821228054541,0.8207268932347203
00434,0.0,0.0,0.0,0.0
00435,0.8701425835284103,0.8593526630255489,0.875990915713245,0.8792651873408512
00436,0.7291397365325122,0.4547571613181133,0.733196965081023,0.45853917181801723
00437,0.9411018801923918,0.8536773624434888,0.9413541074007615,0.8513498743032025
00438,0.8562007168458782,0.7097109088005111,0.8430168977316823,0.6762446879020625
00439,0.8354318922250594,0.7039667086626198,0.9352390340069,0.8823286710401452
00440,0.48016029196035637,0.200944156591825,0.3804998439760574,0.3024981607651217
00441,0.7716651635648111,0.36070240854580266,0.7502909711260981,0.4304062300226652
00442,0.9383325444587193,0.8518289450432939,0.9515321861931857,0.8791325986491291
00443,0.6982383280862751,0.4171614301191766,0.721783686470018,0.4406533884931974
00444,0.8924846215565659,0.7566169154228856,0.9643201542912246,0.9135531938205325
00445,0.9448227006178913,0.8404261986837982,0.9286884933490872,0.7739495301696118
00446,0.0,0.0,0.0,0.0
00447,0.8962909009412819,0.7777435834307872,0.908055098917295,0.8087187537736988
00448,0.9439678284182306,0.7408672654140724,0.9785250498976782,0.8865867614286574
00449,0.9778412121736373,0.8587141607989323,0.9812756844359554,0.8813756515264334
00450,0.9458100207455837,0.7845081862095499,0.9488780939162619,0.791039729501268
00451,0.9474530215469402,0.8758842849924204,0.9473324732488427,0.8408798559300231
00452,0.9074155978180746,0.8505407154080784,0.9499434098158247,0.9195924083643212
00453,0.5582460067148235,0.41852199239768967,0.5554691199350605,0.3878110401372867
00454,0.7656375236446411,0.5104795613852453,0.7504163393558523,0.48428934349511965
00455,0.8647107732509799,0.8657165944317932,0.8432848786702959,0.7811340578520537
00456,0.7997680352586407,0.8514093339494356,0.8298363811357075,0.8598112905805213
00457,0.8300428287893032,0.7078300532139539,0.9615710995272154,0.926692257279281
00458,0.72890625,0.6779763446430113,0.8259073473000885,0.8020280515542078
00459,0.9043707932180285,0.6116528354080222,0.9425654682645361,0.7643276173285198
00460,0.9015053244441763,0.7083917309039944,0.9148779815671025,0.7484888888888889
00461,0.8590838687911178,0.5075073456074615,0.8977420233650102,0.6137004242234433
00462,0.9004460241131786,0.77784008972921,0.9201225594983611,0.8131701678160003
00463,0.9547728291992963,0.8465444910576286,0.9655990510083037,0.8670757766697715
00464,0.879251625458888,0.8423955719839886,0.9152846876727474,0.8827826824472802
00465,0.4684927342885851,0.04360259981429898,0.4692495052519409,0.04438189680882792
00466,0.9134854832566724,0.7644364028333847,0.9382988231789066,0.8576006963678088
00467,0.8870834480859268,0.763249299719888,0.8981311018131102,0.7753670830593907
00468,0.7894146669656874,0.7234112611129404,0.7351528232263455,0.5749924857228734
00469,0.8864126527677929,0.8651242675287937,0.8761708770933864,0.8387870645811343
00470,0.8968175989608487,0.5721409097431482,0.8992093537471942,0.7232046624885234
00471,0.822985880398671,0.9003498476469924,0.9669094949993826,0.975237753454154
00472,0.861540162937295,0.7902489447842191,0.9033517609309158,0.85169343575419
00473,0.5340115628716428,0.24074163332851337,0.5775650201204526,0.2848862589125479
00474,0.8771834555163364,0.8763799322330309,0.9503553099091986,0.9515148037640578
00475,0.3134660222657999,0.3970141353147607,0.3150229785119861,0.5460987454990454
00476,0.0,0.0,0.0,0.0
00477,0.9284101002410862,0.8472686010698655,0.9355927868013812,0.8662918443841282
00478,0.775543220551728,0.4566860182272241,0.8470008304980309,0.6080487354624331
00479,0.4225856740420644,0.2695081967213115,0.39739430454709307,0.33866042572160926
00480,0.9405048655939878,0.8248361252731246,0.9582249275931471,0.8737697584252908
00481,0.8032761064734604,0.8451034259857789,0.9111111111111111,0.9198246970868781
00482,0.9343090264976035,0.6282270164002276,0.9238939175372128,0.5678506375227687
00483,0.6852105965313513,0.1620866707742863,0.6922276998921584,0.2320725503207255
00484,0.772005294506949,0.303764244659291,0.7201916252661462,0.2686063936063936
00485,0.8141342756183746,0.6487224157955865,0.8225380275655216,0.6572399493145951
00486,0.8958333333333334,0.8994300555515475,0.988868501529052,0.9846641988365944
00487,0.8859664607237423,0.8336006415396953,0.9500095401640908,0.9256516165788349
00488,0.8367695759000107,0.7934183529790401,0.8576142550734203,0.7998734127141105
00489,0.9512217979054893,0.7945352525006099,0.9623003649116155,0.8409022556390977
00490,0.9142937396861065,0.8637557348520803,0.919771581656033,0.8515591097886058
00491,0.673581560283688,0.4102015044199198,0.8194727346796252,0.5783642104009055
00492,0.8605875831485588,0.7527613104524181,0.9081602807838549,0.8249136718250416
00493,0.928182449471876,0.8989675783372577,0.8905872042068361,0.8163865820963839
00494,0.811536294247221,0.5586962442877462,0.8201802081715085,0.5866854857680546
00495,0.6938987658927953,0.5940131226943763,0.7254092905630241,0.6319065298100022
00496,0.1819685480177108,0.3916554508748318,0.18496676237034737,0.373203419569194
00497,0.598677517802645,0.584580033245331,0.7415926395939086,0.774744661095636
00498,0.8341549623290857,0.7211274060494959,0.890732094963743,0.7985558981015739
00499,0.35827861290497637,0.304462214837124,0.3750715676170846,0.3287191968360207
00500,0.7466975350674111,0.829095480258271,0.8847093307278945,0.900958076524074
00501,0.9386220281416788,0.7818793606808847,0.9606932728432693,0.8712010824313072
00502,0.8920191777334634,0.8565670850273996,0.9045139635956797,0.8063923703966234
00503,0.9091363094082069,0.81524734286839,0.8990699843625689,0.8045197740112995
00504,0.8730047496690805,0.8106177181798198,0.8863107217552583,0.7879938952009496
00505,0.79795151928986,0.6149084511630938,0.8233843117908238,0.6754374337221634
00506,0.69499906699011,0.29514644671019974,0.6891691852217356,0.371029339084333
00507,0.9221023513139696,0.8683332450611726,0.9184728793046539,0.8613412537126778
00508,0.9317198899130663,0.9073525113773955,0.9298506158818904,0.8618362011783527
00509,0.7559093657328765,0.4748317150175731,0.7213033683169405,0.44116154496757826
00510,0.9399120971117623,0.8062269420404786,0.9537615224501933,0.8317317521979145
00511,0.8838695338111907,0.5598229635319507,0.8904002239014833,0.5665372277562046
00512,0.8091564005285817,0.6880831778192482,0.77302390080757,0.6405144232496318
00513,0.9358851396518151,0.7845795281582952,0.9402697495183044,0.8040383978814962
00514,0.8827119978997112,0.7935414486687594,0.9058027144444819,0.8302534318901795
00515,0.8271072151045179,0.786264163999654,0.9386153846153846,0.9052474043588065
00516,0.5029739491277953,0.10833948052956478,0.5414267751968764,0.21607217632951387
00517,0.0,0.0,0.0,0.0
00518,0.9678300455235205,0.8459928394381713,0.9797698106964763,0.900830205845559
00519,0.8990874123237047,0.8187095482751718,0.9318217479993723,0.8799429270281288
00520,0.8517313705307724,0.4670529578223959,0.8768669399180246,0.5791247304097772
00521,0.8348012348012348,0.4480022304673258,0.9027633945604185,0.618886894075404
00522,0.9064246614808412,0.8614986050219211,0.9182104159384831,0.8717170712296061
00523,0.9235213741948077,0.7701961671095031,0.9311786775050805,0.7843170703969067
00524,0.9068070868301246,0.824762721861762,0.9346373000219154,0.8412799659809707
00525,0.799008513848475,0.8633909882119644,0.9275491949910555,0.9437878520609161
00526,0.866643209007741,0.5841244278691303,0.8963174179457623,0.6661520648398301
00527,0.8529286887818205,0.5751241568453043,0.8493546381951808,0.6282071097372488
00528,0.871624528031353,0.8421789434676987,0.9296320865438588,0.9235441075120606
00529,0.8233173076923077,0.7501128668171557,0.7663641773281762,0.7273185766321099
00530,0.7666472529605902,0.6164685160722149,0.7175631473741596,0.5491855132057568
00531,0.8885028427037271,0.8287714260073589,0.9356913183279743,0.9003004130679685
00532,0.8947546404148192,0.706,0.916301085199723,0.7572695683979517
00533,0.6192573118632928,0.5220092705217134,0.6297525549604022,0.5313042106923198
00534,0.8987082479829439,0.7866286071094064,0.9339446351744818,0.8406964189310779
00535,0.9324527491408935,0.7574149913129808,0.9564249994492543,0.8219721398168451
00536,0.8758721584514967,0.8175351619335022,0.9028011366931509,0.8224274817082663
00537,0.9192487079289046,0.8171435626755564,0.938207741404159,0.8366696997270245
00538,0.5892834442137379,0.5875467599855195,0.5859156116365781,0.6114305527463955
00539,0.5191163584374856,0.23245447407745107,0.5519813306488515,0.2946399364456283
00540,0.9003607722177852,0.6232966212432332,0.898899889988999,0.6463340927053791
00541,0.882475503998198,0.8279265873015873,0.9109354107319342,0.862255910847849
00542,0.9473499391328776,0.8067037682144527,0.9648093841642229,0.8608779716131301
00543,0.808923076923077,0.4772171593687486,0.8309102402022756,0.488954529742639
00544,0.9287998887498262,0.8853509990383588,0.9782865583456425,0.9519777158774373
00545,0.678539245185038,0.2850347132939059,0.7361138728706834,0.44554068574777766
00546,0.15242844752818735,0.2023155468603436,0.13675116945827676,0.1999104669707059
00547,0.8465665566895871,0.5272090904732224,0.8469485305455331,0.5398828088082411
00548,0.9370691704302353,0.7719888853264936,0.960090109287954,0.8453981669502223
00549,0.9498396334478809,0.6338979035887717,0.9754832182393562,0.8192249404633037
00550,0.9152568679186714,0.7849000495622006,0.8914196252714509,0.6881542959539753
00551,0.9246209443004164,0.8231562252180809,0.9485071920705911,0.8741928422895918
00552,0.8485854895685516,0.686654928407694,0.8380094814991502,0.6863903446085438
00553,0.5112610525145049,0.2971447848621462,0.5130165060374432,0.2773688547102444
00554,0.9629654523457454,0.8656716417910447,0.9627537985746941,0.8635261517145826
00555,0.4481763738979505,0.036761089800334414,0.43878010353364844,0.046721727741694065
00556,0.5806013934726806,0.4492179700499168,0.47013590844062947,0.4355227183960422
00557,0.8965542282415309,0.8888382168509862,0.8809413442681405,0.8403977393900618
00558,0.5646122731385385,0.556648244473342,0.5615034168564921,0.6021561707290173
00559,0.23744193061840121,0.11506645234641472,0.24108991558544982,0.17856797056545315
00560,0.9259752110105696,0.8089287417723934,0.9188200233882832,0.7456538494476321
00561,0.5801304224553445,0.2190226640373862,0.5868188596994379,0.2487409149853735
00562,0.9230605877452341,0.7692326781814572,0.9301246070023539,0.7651560160650206
00563,0.827178729689808,0.8572337509788567,0.9590405529017176,0.9613388412244466
00564,0.971900264252636,0.8743109151047409,0.9810897181945435,0.9146449967376475
00565,0.8909557928890091,0.6897940291599167,0.9098380934055361,0.7158023875808049
00566,0.8418330577811692,0.6152127778398302,0.8119301688540006,0.5735056542810986
00567,0.6939099268486149,0.22598467296382108,0.6542573818625007,0.22892703562563368
00568,0.15626574071097107,0.051079090204187126,0.15532853246974604,0.051773834405693754
00569,0.8688116688116688,0.6092553545666408,0.9179183414427755,0.7358490566037735
00570,0.8457428170988087,0.7611422093105648,0.9267846834712334,0.8862174578866768
00571,0.9572738111525907,0.8278702665401535,0.9698223797548563,0.8790555235009543
00572,0.8412309914536773,0.8909645181993215,0.8181960049937578,0.8039319655749072
00573,0.8425094645754462,0.7775254470984225,0.874585604315334,0.7770331667423899
00574,0.672115176445118,0.7040827931308996,0.734065934065934,0.7677291076700609
00575,0.7531593781252841,0.6726937069012325,0.8398003870047867,0.7562920649284542
00576,0.8725403665437932,0.8763151046507305,0.9026896180742334,0.8903197321461422
00577,0.931814258587951,0.7423340961098398,0.9528684907325684,0.829352994603836
00578,0.9354607899255867,0.844321422580104,0.9455328232123152,0.8617890005412656
00579,0.8848532476851061,0.8391701560715645,0.8862022841856158,0.8057097943764103
00580,0.7193650793650793,0.7613514753095857,0.8573094867807154,0.8619854721549637
00581,0.9428553307541067,0.8366595231717118,0.9156760086233446,0.8104814936128398
00582,0.9569039862016098,0.8522278154511794,0.9662078807963039,0.8830062311898605
00583,0.9040029024065788,0.5919672919672919,0.9642821310324069,0.802396229629209
00584,0.919787369089178,0.8160076370396423,0.9531757451181911,0.8903748946925021
00585,0.736315354655966,0.4677317304650427,0.7654105252494555,0.581665288116901
00586,0.46037833190025795,0.08193797681561478,0.4805312225453987,0.04993754620306406
00587,0.1412546168843256,0.13116850494393825,0.13905042965020398,0.08278522873415396
00588,0.37803860488401847,0.3278263171829494,0.3557370184254606,0.313128425065523
00589,0.8370634767509164,0.6775877464111546,0.9279002969670416,0.760662671836447
00590,0.8496472959355056,0.6769883271403371,0.9160763888888889,0.8168839495618722
00591,0.9152432080689767,0.7467851584896388,0.8808011085836798,0.6869234728215685
00592,0.8175766069949671,0.5812093782965256,0.7837532447701939,0.508608
00593,0.9023236252759962,0.8377782444351113,0.8726423080830313,0.7855915967496861
00594,0.947901821060966,0.7339075422081635,0.9522757804139439,0.7236010259744952
00595,0.9406495848443414,0.761507073942722,0.9354787852511677,0.7472656969250598
00596,0.0,0.0,0.0,0.0
00597,0.9035913369277163,0.8674748025061291,0.9740516985243142,0.957107408720312
00598,0.7331690032352488,0.31756948096605847,0.7439287189736604,0.38083246319841124
00599,0.9310983237428071,0.8556925308194344,0.9137108279628081,0.7770909900879831
00600,0.9242586290714633,0.8673760705943421,0.9854075463831561,0.9741490340386385
00601,0.9713859559602779,0.8970959595959596,0.9743317192236526,0.9049572166042006
00602,0.9459972862957937,0.7504838263754493,0.9403586395438767,0.7150472060351448
00603,0.9684793903706269,0.8859538120847833,0.972774717309365,0.9010317961676142
00604,0.8772009945704572,0.7291148240312834,0.8881129653401797,0.8283737337192475
00605,0.9392252032278235,0.8726304751149472,0.9514220155787694,0.8604932490439398
00606,0.785273500688994,0.5094435141555357,0.780759493670886,0.5065625707173569
00607,0.9386174855694777,0.8534601935431406,0.9664371148967017,0.9194750211685012
00608,0.932110703567856,0.8925625119907911,0.9578788502435344,0.927283379988282
00609,0.8422575976845152,0.7990957570136795,0.79973893926903,0.7264248704663212
00610,0.8074006276150628,0.5970747933277895,0.7968850836811083,0.5966522421418041
00611,0.8901629710321499,0.548253466736879,0.9313203700094451,0.7316405948986668
00612,0.9055806774796241,0.6348295482176726,0.9072332583538849,0.6606518044586625
00613,0.9126150747986191,0.8638962569997053,0.9267455448437043,0.8953987189281307
00614,0.8098193681865202,0.6359122366011855,0.8170068436791298,0.7634589738190496
00615,0.954339565936071,0.7983665921873796,0.9610745731485251,0.8422257015536553
00616,0.9291818384483912,0.8625914701751792,0.9207993534641099,0.8041934392965844
00617,0.8543654148049753,0.7864202836269876,0.9218384835107765,0.8693965906016055
00618,0.9336510536897759,0.8653452886581721,0.9576572104921538,0.9136292553831349
00619,0.9512443660591808,0.8092770034843205,0.956701681086301,0.8288873288873289
00620,0.695007402113431,0.5522393959758074,0.7196767553556453,0.5792415334934172
00621,0.9012879958784132,0.8274697818893916,0.910646717811643,0.8368015350514441
00622,0.9613535253673662,0.831214161057093,0.9437753661549321,0.7487115197102661
00623,0.9618143692749145,0.8657416329414788,0.9762882748319641,0.9144533052132077
00624,0.44993548387096777,0.41234704903191893,0.40676186476270476,0.49517227007502085
00625,0.9345766215867,0.8377634746720385,0.9612385930716754,0.9108441033925686
00626,0.9121822506317824,0.8502495840266223,0.9208284867359574,0.8437950937950938
00627,0.9531380420525458,0.8632114542657674,0.9296250291126466,0.7618069815195072
00628,0.8217840375586855,0.8588153586665344,0.9446140427387701,0.9568644158057301
00629,0.0,0.0,0.0,0.0
00630,0.8845408756296009,0.7277628032345014,0.8703691936201309,0.6805769089977304
00631,0.9715081259234004,0.8464007752642257,0.9848950952265736,0.9155342560771825
00632,0.9383076127888946,0.8405664441094121,0.9142754404890328,0.7388928976394186
00633,0.9594109710939518,0.8503776718272889,0.9588616673360492,0.827624872579001
00634,0.9498233215547703,0.8567478667111599,0.9652020630671803,0.897304923136797
00635,0.9140257457478157,0.7818384711954247,0.8929850219375662,0.7652505088974982
00636,0.2916932257408286,0.20902599008100994,0.26389945752227595,0.29740811557255153
00637,0.9070840858920329,0.8598837209302326,0.8891151547001248,0.809979755977458
00638,0.9148726441132403,0.7396618827535879,0.9110290941929404,0.7285637567873978
00639,0.9680988118852375,0.8624694638494835,0.9755801013889461,0.8887781197173942
00640,0.8412366054932874,0.8048263745349318,0.8679293250286004,0.8194808405438814
00641,0.8709195311885471,0.916924060070295,0.9696182111489514,0.9770481001537448
00642,0.820165447788035,0.8722469647977549,0.943154636274096,0.9533535210360157
00643,0.8073749910323552,0.631156840499198,0.8122158885922505,0.6317136541668282
00644,0.948554495020847,0.7712256537178521,0.9479683195592287,0.7793796882481246
00645,0.9445098216710419,0.8941669220553683,0.9684640750545724,0.945767892906082
00646,0.9122895085109296,0.8056949653970099,0.9387592166439676,0.8516365202411714
00647,0.856526047565119,0.8600778210116732,0.9224658162096097,0.9307575200797942
00648,0.5561468140264701,0.418719766002925,0.579291708149623,0.46425233644859815
00649,0.8213646619466273,0.9460830255251116,0.8818710028006521,0.9418421822436741
00650,0.6247474048442907,0.40006203621960823,0.6701000326516073,0.47431711829361195
00651,0.8366214177978883,0.787250140336319,0.7925406585828401,0.6932656140425442
00652,0.8174904942965779,0.910613810741688,0.9553390174583841,0.9714983713355049
00653,0.8631146471892527,0.8032394205543515,0.8873296179413147,0.8478172882335935
00654,0.8934802407185842,0.79088056721405,0.8808858880090498,0.7960749097304073
00655,0.7459846235822486,0.6826497695852535,0.7814181321769854,0.7258175368584414
00656,0.7796934133567797,0.6023352267604364,0.793495175848117,0.6167751923865034
00657,0.9065086110489823,0.8039085789996687,0.8868900218499636,0.7446302546793495
00658,0.8229551451187335,0.6079238184810721,0.9171330387825233,0.681163006495515
00659,0.8331227360795215,0.8375761531766753,0.9331431288635283,0.9190884502503309
00660,0.8522547234505427,0.5730592755623531,0.8027801911381407,0.5041450427984094
00661,0.9113771404766603,0.7064947399181765,0.8557282552753473,0.5882672113880821
00662,0.9313336904124263,0.8711600531611924,0.9289629155100008,0.8729861371300113
00663,0.935077066791219,0.8026066205714985,0.9582176435670107,0.8715078514220849
00664,0.9599782135076252,0.8344395624941573,0.9670192223295005,0.8623404961813955
00665,0.8677607199576496,0.8252032520325203,0.9383962372375817,0.8707028419611947
00666,0.924904214559387,0.8476587974435894,0.9666310731446877,0.9429870584120322
00667,0.6909070966326643,0.6942437660219063,0.7809512135327286,0.7559728593272171
00668,0.7216862941618641,0.6330097087378641,0.7604756864454268,0.7229026663776285
00669,0.9683795165799625,0.760739060832444,0.9804146433243142,0.8470506108202444
00670,0.9148684015604168,0.7708662453923117,0.8843582887700535,0.7070713238886175
00671,0.9205644365502269,0.8167835208435241,0.9327185284347266,0.851024208566108
00672,0.8697237500772511,0.769762734735185,0.8892818796185182,0.8063382277906911
00673,0.6356609938069927,0.6380555075220474,0.6412142382721212,0.6377402903099254
00674,0.9253037205770691,0.8720999405116002,0.9766974688629972,0.9611315727607554
00675,0.7604113977406846,0.6418491841834485,0.6999457196029777,0.5952024509974585
00676,0.8651420168717592,0.7492236308501699,0.8204172050950711,0.6666041568995156
00677,0.9388851097347034,0.8769203757352295,0.9424664417486182,0.8952243631756018
00678,0.8102583683339697,0.32223971216550484,0.8910727534892837,0.54778742473043
00679,0.5009654580562111,0.14687939934303143,0.46398289187364,0.04355393805134697
00680,0.9791517982655334,0.8838924577682608,0.9788047705470573,0.8853023200617101
00681,0.9281506268262796,0.76010101010101,0.9349265491136056,0.7637721755368814
00682,0.845381759108842,0.7811438538510971,0.8981869758263443,0.8614070448219598
00683,0.9682280911495127,0.82136845956824,0.9802368642980237,0.8667715120197709
00684,0.8775251725666519,0.7796159185562239,0.8748424502142678,0.7777270652670014
00685,0.7299088649544325,0.5250105678455685,0.7611528488797288,0.6172757134058715
00686,0.8511908562671605,0.5540842136586818,0.8557260238798305,0.5737777341449047
00687,0.931129056833765,0.8302265557786063,0.9242458607393967,0.8118427285646613
00688,0.9584100509043648,0.8112945264986968,0.9735481335952849,0.8816546632405632
00689,0.5138799138395261,0.1270547494849428,0.46194054230643583,0.1004178704085844
00690,0.5006573181419807,0.3658956010428801,0.4497677348240296,0.3937191209040831
00691,0.9345760423698012,0.8278419027632039,0.9465159084932948,0.8576988395131616
00692,0.6645481027503499,0.37550792765516694,0.6981162069787775,0.49098981457299556
00693,0.9172436837513227,0.6271310993533216,0.9294106588965129,0.6997220373487844
00694,0.9178483510670763,0.6612476870208829,0.9681967424193653,0.8531944036787007
00695,0.706949004488087,0.49324301439458085,0.734079819842362,0.5418998249167496
00696,0.9639225728703773,0.8672299051305046,0.9714784633294529,0.8924404818362894
00697,0.94078271648663,0.8533781479857763,0.9552886339189673,0.8752957080094627
00698,0.9221473613542092,0.7707920792079208,0.8705296514259846,0.6838866725268781
00699,0.9722136282775157,0.86800475493782,0.9698255085317652,0.8540248661403032
00700,0.907258064516129,0.8007415766564565,0.8961604928995417,0.7711229946524064
00701,0.7987152034261242,0.807405875051717,0.8784530386740331,0.8790945695940798
00702,0.34973239394031025,0.31281884797328635,0.4892019062556554,0.40767927724449465
00703,0.9378715941657043,0.8236151161025952,0.9624583113919607,0.88790625
00704,0.8256782164920763,0.5662752424161551,0.7660581895209021,0.5038098536669842
00705,0.8372642135144457,0.4257599639720784,0.8680070410913692,0.5276476101218369
00706,0.6926550986451153,0.8751819858293701,0.8866171003717472,0.9545123347559071
00707,0.8523339317773788,0.9074038553754675,0.8462452647998218,0.8764024278094538
00708,0.9107002723537829,0.7025910931174089,0.9442157660460442,0.8067844705275378
00709,0.7339294240201397,0.6522813688212927,0.7489476715849174,0.681932076635442
00710,0.9686672063585516,0.8982504469126396,0.9785693061952162,0.9315072567213895
00711,0.954068165616631,0.8133806723621436,0.9637078717314694,0.8451506520761505
00712,0.9685120532003325,0.839221140472879,0.981186734711064,0.8990859531909661
00713,0.8731015862301721,0.7444343001615282,0.8679611650485437,0.7275277055684772
00714,0.257880109361231,0.17695367270438092,0.22983919719501875,0.22285104111051787
00715,0.9422037142761192,0.8395235892691952,0.9402792443975126,0.8557670722399318
00716,0.8392949714878175,0.7693949009738483,0.8416219026165309,0.7858887531919618
00717,0.692904029625186,0.36729965244547425,0.7245186043144636,0.5245468873128447
00718,0.9463513017968463,0.8332863981976908,0.9592253939934582,0.8690976016564099
00719,0.9454167084545181,0.760326364099949,0.9426043046771492,0.7574945404010324
00720,0.9708032088739229,0.8071977852968317,0.9788479207446171,0.8301090175814481
00721,0.4502927103103531,0.23993553479805288,0.41291232850053516,0.22520485086856767
00722,0.9253215393218444,0.8641779623961522,0.8927128462249915,0.7613146551724138
00723,0.8454454559806346,0.6731259561448241,0.8902993348115299,0.7583960196647516
00724,0.9572726847593958,0.7278718122320018,0.9327445960888862,0.6417829392597544
00725,0.0,0.010451539152445496,0.0,0.0
00726,0.8466793593907492,0.6778418241925913,0.8614347726753484,0.7007280731459533
00727,0.8766561059907834,0.6720098083734447,0.8616874624438867,0.626663350329561
00728,0.0,0.0,0.0,0.0
00729,0.9614835321776196,0.8337795819657972,0.9706097642126744,0.8708654481391764
00730,0.8872155728002105,0.7604911845885203,0.9359001040582726,0.8649270448628685
00731,0.8676352278642753,0.895242643108697,0.8957915831663327,0.8755379783645457
00732,0.8948037249568135,0.7947213463907623,0.9326503156369658,0.8440881107725032
00733,0.9487432518720613,0.8315842078960519,0.9220021971212079,0.76837297811608
00734,0.9269088118685254,0.8646919118617232,0.9323941849993568,0.865236667101317
00735,0.6135298057602143,0.5876415558838011,0.8379304128357671,0.7373579668661636
00736,0.5254057580947721,0.5297850376487734,0.8591576347921526,0.7603543575376694
00737,0.8648928818244644,0.9025551499761942,0.9680725266062278,0.9706671136439826
00738,0.827992277992278,0.8357289527720739,0.9449190647482014,0.9496819787985866
00739,0.8266655846790554,0.8568674698795181,0.8215466494637529,0.8188858356232825
00740,0.9328202062471977,0.9168759990865495,0.9368105065666041,0.8852753717927766
00741,0.9566071531750159,0.78494469870328,0.967941847095278,0.8385517642497092
00742,0.8792254568284704,0.8348459293764892,0.9278861249694729,0.9052859162347202
00743,0.884756767078818,0.8187473903966597,0.8661748225625701,0.7838346617535147
00744,0.30726534669869937,0.17273518819012942,0.31329342984409797,0.19834119455191054
00745,0.9392684610075914,0.8595441954167716,0.9499389499389499,0.8840468909276249
00746,0.6725366046695687,0.3860766915529844,0.7063977009570045,0.4784536622727456
00747,0.9404229829977423,0.8730191935568223,0.9432453667329113,0.8448756218905472
00748,0.8858656575212867,0.7342563837129055,0.8703036158905942,0.7116809351333553
00749,0.9075454816582165,0.8757888991232559,0.9214044922540813,0.907553242484421
00750,0.9590153314618873,0.7319805971168956,0.9492784652935383,0.6632056702312857
00751,0.9427981109799292,0.8573518090839107,0.9594497176498858,0.8961028777542539
00752,0.903848640262035,0.7221986530200987,0.8254786595564652,0.6067927968999316
00753,0.9384290738569754,0.8584881387330829,0.9303879710413959,0.8420711974110032
00754,0.8879500947567909,0.8195545230937414,0.976499473868818,0.9653840439756352
00755,0.8786141271196779,0.7474530061701823,0.8622713840747545,0.7028092204756886
00756,0.9671498459865918,0.8203856470469153,0.9659657292538291,0.7932577849728597
00757,0.917635400388764,0.7062644341801386,0.9149502166147297,0.6635012685755709
00758,0.9341087231352718,0.8784345479082322,0.9353833785549192,0.8791226215644821
00759,0.9253374965561576,0.8742387555946878,0.9700436257876879,0.9467873025609569
00760,0.7823696966668332,0.8307237739279761,0.8276683608640406,0.8309660845293086
00761,0.5628101153201246,0.09869662921348314,0.5618615985515333,0.11426980542580506
00762,0.5126253013576957,0.3736237338351283,0.4969249692496925,0.36003294185047263
00763,0.9436619718309859,0.7417363689224852,0.9481600924165483,0.7516742566300563
00764,0.9092302303178912,0.7687007874015748,0.9214555136454404,0.7992534701971306
00765,0.8895268718419844,0.9029270712750124,0.9740736056658656,0.9768478070941814
00766,0.21645849076173118,0.050483486123320355,0.2416106516662581,0.08740528608078277
00767,0.8465164331374702,0.8598264023837284,0.8693464009006026,0.8740759953313448
00768,0.7515435910101259,0.5085108781422613,0.6530549679634569,0.45486799938959255
00769,0.8363509099393374,0.5354296687469995,0.8416542473919523,0.6016568679850347
00770,0.9368558182305835,0.8481714769201842,0.9581422692533804,0.9035885167464115
00771,0.9736235914250732,0.8551052750735794,0.9837083010085338,0.9076124970855677
00772,0.6694495901743345,0.4356866249627644,0.6738532919787175,0.4655602878543105
00773,0.8904479222881814,0.8333333333333334,0.9139217134416544,0.8679192859375543
00774,0.44841114162416634,0.31382463236843217,0.41643678759173475,0.2840050105826962
00775,0.7416071547754122,0.6533975743478984,0.8982110234049154,0.7976131454068985
00776,0.9544855525185475,0.7934850462516315,0.9552893538046229,0.7896188427381543
00777,0.7257828583811897,0.5805924331220348,0.747489119517911,0.6069689775882188
00778,0.9094882330967501,0.8321173401882584,0.941012756088133,0.8804938830992297
00779,0.920094887321306,0.8695750579980761,0.8980686041552428,0.8219977907527221
00780,0.4884781936282091,0.38062056271364714,0.47824721218784355,0.3861524163568773
00781,0.25246609124537606,0.08154175945389082,0.23774715948190173,0.11852771489082013
00782,0.43264289051549604,0.39134369466850283,0.44657940034426163,0.4103704291896613
00783,0.788975884747886,0.8689200107729599,0.8044075375279464,0.9026738863458748
00784,0.8387588459444747,0.9293305985455902,0.9592652755216794,0.9847797453534318
00785,0.7769067546858422,0.500975673214518,0.7599688608251881,0.47699906118617086
00786,0.1787863159704315,0.06605596269153897,0.1448311077413465,0.07829312567414695
00787,0.9598572898198612,0.8599338995105217,0.9694913005991201,0.891308045585984
00788,0.8496223179943464,0.6221556886227545,0.8640712636093698,0.6458049199373642
00789,0.7202102543543142,0.561284046692607,0.8200993814014805,0.7628430121250798
00790,0.858810543842254,0.6169420351438498,0.8513088229849309,0.6112009897221165
00791,0.49744299611643017,0.17251141796426378,0.48257917708061326,0.27540023019776083
00792,0.1983143282102132,0.03265460030165913,0.1480746983969592,0.02667100341518946
00793,0.9711264927359854,0.8482937085557173,0.9732430247280827,0.8589816700610998
00794,0.8680327177670967,0.8387779515965768,0.8572915365721661,0.7812032669964339
00795,0.9411539931218953,0.7839989145674099,0.9356109134045077,0.7625
00796,0.8330948974725799,0.5910373826392489,0.8410041841004184,0.6196783896344285
00797,0.9135812108624701,0.5664018633282036,0.9261247565204997,0.6057067130492401
00798,0.7772165015219221,0.6817190116190572,0.7989755870418412,0.6913712504869497
00799,0.0001609722725260574,0.04755141760033665,0.0,0.0
00800,0.7295575221238938,0.539472925436826,0.7531059683313033,0.5813699295603595
00801,0.9762085112243493,0.8619652579725176,0.9808676999723221,0.8889824709164605
00802,0.9383915022761761,0.8460995687965503,0.8953546519278852,0.7164038913116404
00803,0.9573358693513478,0.8841855266834311,0.9574593602517042,0.8848408710217756
00804,0.8882978723404256,0.7351169089602565,0.8990416464249437,0.7625291217424284
00805,0.8662952646239555,0.6468056088309253,0.7879981041962886,0.5003424534083126
00806,0.9565955040294076,0.8804761440140502,0.9621045147529328,0.8886728245017015
00807,0.8121140454605177,0.7303142329020332,0.9008469626168224,0.8498900659604237
00808,0.9246114590582232,0.8325246670357225,0.942091776081156,0.8740972086667967
00809,0.9201050992604126,0.650201106083459,0.8931121774284959,0.5830867150443912
00810,0.8902080268964068,0.698085741320329,0.852050179752118,0.6462999277531221
00811,0.15210754058031498,0.14573445045193775,0.1603677458200176,0.13098344526671515
00812,0.8430207664311711,0.8143013623605121,0.8670590176557945,0.8138886087862592
00813,0.40534395994584516,0.24073027090694935,0.3994864177639032,0.2938002897925209
00814,0.9416848901384984,0.8270955768635941,0.950494008829094,0.8448707256046706
00815,0.8984518856986974,0.7870234113712374,0.9084890697193297,0.8072676169443886
00816,0.8457188300786428,0.7987537422544037,0.8640965380095815,0.7970946579194002
00817,0.6265935691598138,0.48292700837127334,0.598901784600025,0.4367206435069725
00818,0.9072738045448209,0.5685180125678154,0.957158879879383,0.7619367252875107
00819,0.9196122572407768,0.6702069140608471,0.9205024433659675,0.6654730811357318
00820,0.8083221126699388,0.7568262440199174,0.8671504325983812,0.8396496547077649
00821,0.9054375810604154,0.7796718726905454,0.9033257791465706,0.7576129442777929
00822,0.49638527620904693,0.1702271252433485,0.5564335524279446,0.21746555583762203
00823,0.8048974716304997,0.6042227575456993,0.8016780075312149,0.5795753352616355
00824,0.2295284577453243,0.2802569177340453,0.22568802725706885,0.28313518273888155
00825,0.7793729856431292,0.4911757731784154,0.7554935832881452,0.45861972444250926
00826,0.6744515215852795,0.8419629985583854,0.8135858729706636,0.9240362094068494
00827,0.9434072791177445,0.8130991770594723,0.9469379409058378,0.8216514844804319
00828,0.9250025861177201,0.851219084371163,0.9474130319618577,0.8785086475758435
00829,0.911213779942751,0.880616362457923,0.9354880346955108,0.8931887903158942
00830,0.861543965654317,0.7118988132417239,0.8536213170559925,0.7259844868735084
00831,0.7306427363277579,0.37706422018348623,0.8177420202976284,0.5687226518012348
00832,0.8618662747979426,0.7589285714285714,0.9145924841386042,0.8398401731457588
00833,0.9543943833703711,0.7922949572687816,0.9482310652679287,0.7508427694701357
00834,0.8357999878189902,0.700598093207793,0.8508989460632362,0.7267849773008667
00835,0.814087132095985,0.7494541484716157,0.8975810602161606,0.8688055165965405
00836,0.64886740181433,0.5354256614635227,0.6491491218501145,0.5270906949352179
00837,0.6598653547384775,0.4553621934582238,0.6191438509220216,0.47689798234105174
00838,0.3103283476413842,0.09819262379868725,0.3329661564173662,0.18156965731014293
00839,0.8383925279587071,0.8925468678555099,0.94654132173425,0.9579026115342764
00840,0.6697041732699419,0.4373711227131137,0.6196004154701533,0.5335765298258234
00841,0.883751860413566,0.7897413735788844,0.9007826143199017,0.8108726191642981
00842,0.7151220514225067,0.4841064707749513,0.7048981244096613,0.48052118403218047
00843,0.8956136774043223,0.8317842729607435,0.9205722152391214,0.8866334502060651
00844,0.9078356346697721,0.8048019292832571,0.9444309211670202,0.8826201796090861
00845,0.9482014973958334,0.8429802126800376,0.9686980379115397,0.9022972598948242
00846,0.8993132866149484,0.6895259509087502,0.9256659639708701,0.7719895287958115
00847,0.946392593023933,0.7092136719002391,0.9703504686846975,0.8416158694079967
00848,0.8812346103189601,0.8495428820200261,0.9043784895680282,0.7848339006925695
00849,0.9171309600609935,0.8911770644054109,0.9025108225108225,0.8149185454884936
00850,0.8861221966162667,0.6537611524924286,0.8896127703979468,0.6652880833637432
00851,0.8271047807079397,0.7207058174800111,0.8846734047367627,0.7870036101083032
00852,0.8848141767167118,0.7860870890319631,0.9126373626373626,0.8438104632193938
00853,0.6371775216247421,0.3660247231070458,0.7690598421576891,0.475591416507606
00854,0.815976069133614,0.6445157918315538,0.7947334340600043,0.6222894959166432
00855,0.9359120058446303,0.8203530028543136,0.9209341250547961,0.7777034186604205
00856,0.47990878623501365,0.2280006279927781,0.4789985516242499,0.2858788395904437
00857,0.8712646426010041,0.810566037735849,0.8678322095590429,0.7800950369588173
00858,0.7867543447627995,0.7059062985715343,0.7730457768640121,0.6868455382011776
00859,0.920096239078131,0.8633439565627951,0.941077277296754,0.8848041350872607
00860,0.9253792328515246,0.7630695443645084,0.9310070149292083,0.778863338496366
00861,0.9093437635810517,0.7709891498999263,0.9655172413793104,0.9081609326780203
00862,0.9373934780138621,0.847624703087886,0.95707656612529,0.8780633592349073
00863,0.36993251105422387,0.3554771702919851,0.3197659052293751,0.3588539920271227
00864,0.861727065382666,0.6192550642561534,0.8155380514540717,0.5016570008285004
00865,0.9272902603664417,0.849568569854966,0.9375954756719862,0.8407079646017699
00866,0.42,0.3318686510748878,0.4088271860754248,0.3228416843095742
00867,0.8666095079082151,0.7751629502572899,0.887003560035138,0.8073526801561945
00868,0.5842944149280809,0.37868437697659707,0.6523816418126538,0.47209779060056184
00869,0.915942580495127,0.7801428450441803,0.9284167649265731,0.8264646977518265
00870,0.8401937046004843,0.8035117429475467,0.9131133834973311,0.8839722863741339
00871,0.9610220404618002,0.859935496610281,0.9780470735570371,0.9206047867652044
00872,0.8480792397269442,0.7728233711320392,0.9483929379809869,0.8914542415378186
00873,0.9700364154528183,0.8451749734888653,0.9595716355378049,0.7851934128555561
00874,0.949536681815499,0.8571428571428571,0.9596399189221414,0.8837912780438618
00875,0.85904,0.8055899339933993,0.9379709129139653,0.9234184239733629
00876,0.9354179652330494,0.8022699155505352,0.9457065845206007,0.8106280703607839
00877,0.1884890983637966,0.05332521421425775,0.1944756735801512,0.0
00878,0.8793734445908359,0.8734393341158895,0.9120152091254753,0.8647810124618647
00879,0.9744091127768207,0.8142682144315464,0.9764790068914021,0.8276760889712697
00880,0.48890002864508736,0.29075430769860433,0.4212295572191631,0.27605403020818015
00881,0.932030611052693,0.8542921560049803,0.8919543429844098,0.7551486021963313
00882,0.9342163946124342,0.8501156428047612,0.9369248035914702,0.8508858809287994
00883,0.8672566371681416,0.8121479534359745,0.9514319209512645,0.9004402641584951
00884,0.9085667215815486,0.7805676855895196,0.9257535291873331,0.8128894173602854
00885,0.9325634390328685,0.7874316767242742,0.943674634041472,0.8105613462262966
00886,0.9574661547787432,0.8334793706426912,0.9521637802868967,0.8394834640939975
00887,0.8298457608802436,0.8507213046205311,0.9430129370255533,0.9158348294434471
00888,0.8939915166494105,0.7144983176602536,0.8911243791079223,0.7224375633176232
00889,0.5551717910515147,0.16760318757662443,0.536487990051705,0.21607468805170713
00890,0.9776786348588398,0.8488427773343974,0.9824822107278599,0.8821249798159212
00891,0.9265475490044282,0.8869711273927775,0.9151350194195541,0.8636771551965898
00892,0.9220996912218792,0.8140524812759308,0.9434757531390036,0.8635478637101136
00893,0.910153974198918,0.8403234369257156,0.9126755866783377,0.8419099854815293
00894,0.48369439963125144,0.3249475890985325,0.6829135614426373,0.4455124856336851
00895,0.9316188536185142,0.5570395902149456,0.9271556907406098,0.5608409734555753
00896,0.9593950909706135,0.8450921006901345,0.957496740547588,0.8358018636586562
00897,0.8854862400576449,0.6995584392178066,0.8674503006337685,0.6636638009877447
00898,0.7948717948717948,0.7472329472329472,0.8794828654918976,0.8563206577595067
00899,0.7820257611241218,0.8418182845519268,0.8333853548910669,0.8564554023834461
00900,0.7849424886720111,0.6107727114514445,0.855893536121673,0.6999355492127797
00901,0.8173432784831749,0.7871034661595644,0.7925476124758487,0.6928226685349526
00902,0.5684948979591836,0.6203262040313895,0.5682398816727174,0.6384609244032889
00903,0.3948724051751985,0.2056709364506902,0.42050186479342433,0.19861460336242173
00904,0.9105137037591733,0.8082896875564385,0.9313278405824871,0.8542805937227149
00905,0.9414937417654808,0.8685321801068431,0.9452711640211641,0.8599308300395256
00906,0.9294677330391616,0.8075543868037294,0.9517489675620345,0.8652409550314926
00907,0.9323509200580286,0.8745628706097005,0.9206077306918895,0.8317873055291798
00908,0.6423802042419482,0.7460841668239291,0.7463144238707394,0.8091817152979383
00909,0.9008403361344538,0.8806460662899283,0.9103778441264285,0.8847821762482594
00910,0.8782452539763982,0.8264370201286574,0.8729591836734694,0.7877699216510605
00911,0.0006810663553220471,0.045892749548102026,9.736150326161036e-05,0.036409480584972266
00912,0.06300497203231821,0.1467334946422399,0.032742261627002646,0.08106855189198586
00913,0.9702271332105586,0.827224840587746,0.9816195023485114,0.8914341485819267
00914,0.7384633896877444,0.528741693914144,0.7232813743112237,0.5381044616617686
00915,0.8155716502845318,0.7087449688986461,0.828715630093055,0.7093074939994666
00916,0.9043446513326031,0.8814530048642711,0.9118675252989881,0.8835236038259796
00917,0.9202066590126292,0.8055958669530389,0.9514053840063341,0.8730006013229104
00918,0.9168190350813038,0.7305702245692645,0.9166402303618927,0.7383733390484355
00919,0.930791237214406,0.8817927940301241,0.9351640569675034,0.8626334833642221
00920,0.9479114886950758,0.7664411552594526,0.9573425828731383,0.8066879315783939
00921,0.8889037836388619,0.848464502568893,0.8771019855297499,0.8349607394315186
00922,0.28601821121606674,0.20752004288812534,0.37755855895006735,0.3081215744892875
00923,0.8078219824679703,0.827434093057452,0.9055207740466704,0.9156825957399846
00924,0.6608867243261399,0.24840300347416788,0.6545590635493227,0.22379516218378778
00925,0.6578137651821863,0.4151851851851852,0.7432950191570882,0.5017337031900139
00926,0.815924691115905,0.6466909256311121,0.7610755441741357,0.5790900432266101
00927,0.9624814511306505,0.8607643803886244,0.9620928636273055,0.8543161649186871
00928,0.6957241683838681,0.4488076026537565,0.7150096433838823,0.47925490731885045
00929,0.9594092798255774,0.8126536369131574,0.9737242428433135,0.8511644981033568
00930,0.9237294076410796,0.9056626219367119,0.9070695945480829,0.8457577664626122
00931,0.9753739726837344,0.8799402316025402,0.975662408327419,0.88309554044969
00932,0.7609073149555025,0.41521631029338635,0.803423206823516,0.5691969451515853
00933,0.956664852396133,0.6426474904608159,0.9547448088492141,0.6524346853715564
00934,0.9033441976390677,0.7543913832374628,0.921739616524121,0.7724538973194727
00935,0.5302435192458759,0.4621573886308628,0.5498004269934095,0.4860797592174567
00936,0.7699611291658701,0.5686675898609188,0.7710581774059646,0.6103423160961399
00937,0.8963974913705091,0.7778773452814338,0.9112385094395572,0.760846391642682
00938,0.8497639734555654,0.6779296380663123,0.8778453273010038,0.7018181818181818
00939,0.8828511714882851,0.7390642134763007,0.9491967514375481,0.8903205128205128
00940,0.8268069108266802,0.665158371040724,0.8634301070531741,0.7460894563287394
00941,0.967481498093743,0.8691918220854964,0.9634084093664264,0.8524445006640946
00942,0.8607855233395023,0.7793120584998757,0.8862077724155448,0.8112843199213539
00943,0.869382403472285,0.8152322404371585,0.8721504645365964,0.8197265268915224
00944,0.9312544462888309,0.8101307680745529,0.9276261470595174,0.7890957366563075
00945,0.7016257254153748,0.5570483732241895,0.6793332445340894,0.6338116032439176
00946,0.8224125664383466,0.40095926384096187,0.8386394673950154,0.45354124450155686
00947,0.8349530831099196,0.8490321241372152,0.9620991253644315,0.9701558772951684
00948,0.8854568014105662,0.8544921405566505,0.9088711302128802,0.8805510066467584
00949,0.9601308606452376,0.8312879633073014,0.9779549059369165,0.9037184022086101
00950,0.872165080176324,0.6796787480826568,0.897766888114188,0.7563805905715766
00951,0.869725800732774,0.7642378048780488,0.8965443750951438,0.7527986681210173
00952,0.6687381953329677,0.2076235735082494,0.6836651767574157,0.2512738637135675
00953,0.9579484902309059,0.794702865228157,0.9727645759119808,0.8491013593650214
00954,0.9634328358208956,0.8598271132046172,0.9713164332374526,0.8885300552140848
00955,0.9148999405587478,0.9091352859135285,0.9781748154488071,0.9720416124837451
00956,0.8885933707902524,0.8548814183743956,0.9094001973258939,0.8866523580254075
00957,0.8830791229742612,0.8674820872837808,0.8947953414198038,0.8736535975872469
00958,0.5659589484208669,0.4112095753251237,0.8232766338406445,0.5404713337094744
00959,0.8858365019011407,0.7914243842480972,0.8930045101237885,0.8026891225458267
00960,0.43837283792440745,0.44876068995506596,0.42147080561714706,0.4318213344430573
00961,0.0,0.0,0.0,0.0
00962,0.919279780802853,0.8678005805367419,0.9512545446384487,0.8972005274368597
00963,0.9576363898085505,0.8350461051258965,0.9717645340344727,0.8923735309146653
00964,0.6233148295003965,0.338025727263271,0.669859177793109,0.41039064049177076
00965,0.9671548205192947,0.8337116612996885,0.9683308416331515,0.8174407379598841
00966,0.8458896758961151,0.6003902770118356,0.8486821598032764,0.5995215311004785
00967,0.8183909367991259,0.7444591692181145,0.7521272660007399,0.7041163856536181
00968,0.7573874168574856,0.765888638920135,0.8018417064925982,0.8248897882488979
00969,0.9398307506865656,0.7359763705344639,0.9543727195828652,0.7740966870183165
00970,0.9660486196950968,0.7881468671012372,0.9686286658405617,0.8004152434532181
00971,0.9451404543089995,0.8152173913043478,0.9413655484845216,0.7836366849266655
00972,0.9027382645803699,0.8268974700399467,0.9081477506484215,0.8354019398323196
00973,0.5237661746537486,0.5451737451737452,0.4604999713975173,0.50008614451604
00974,0.9504482869036183,0.7689534404614751,0.9730645249412665,0.8873660995589162
00975,0.12432144757849921,0.060939180308280556,0.12931962996889565,0.11052859789506879
00976,0.036103070086027644,0.12721005226287113,0.03595905812091885,0.20276724908323318
00977,0.8952841596130593,0.8170323992462464,0.9026473099914603,0.7445231607629428
00978,0.86869386193452,0.718219945811528,0.8534306882851928,0.6723011363636363
00979,0.5905956678700361,0.364710935486642,0.5654172499006342,0.3957064061429756
00980,0.9034611331766231,0.8589142709525039,0.9256047466910087,0.876873465498919
00981,0.8647636039250669,0.8431794988093888,0.9222966507177034,0.9015734058913994
00982,0.7229813664596273,0.6234620674274245,0.7510723097361929,0.6772580950577543
00983,0.9120858551194859,0.810766072965636,0.9147165561256414,0.8089887640449438
00984,0.886060740494279,0.8178559204481994,0.8654976062672276,0.7851296501291469
00985,0.957352755441418,0.8399181489060287,0.9752048389172494,0.9036517769807629
00986,0.9222391898408616,0.8701554279288325,0.9459660736450145,0.9041986273718208
00987,0.874222076645922,0.8851432255687575,0.9628286491387126,0.9663391380484483
00988,0.2669211569519894,0.5483842641376888,0.25929325378614043,0.5517055170551706
00989,0.9152025630425796,0.7181487878968372,0.9022824536376605,0.7091308621985775
00990,0.9218757134377425,0.8544605239054772,0.9169504608818054,0.8469647563317997
00991,0.7221170830179158,0.6661437476778269,0.8220973782771536,0.7886559258441845
00992,0.6876247880956866,0.26272546198959834,0.7061121856866538,0.43726787167061654
00993,0.9297413793103448,0.821784847667835,0.9312219033347725,0.8093809477725088
00994,0.7800584394502362,0.46956139869352803,0.7708568721070088,0.4634146341463415
00995,0.9384123903109709,0.7483066248141418,0.9405174334974371,0.7412018389682249
00996,0.9162650110285108,0.873020706455542,0.9724529951902056,0.9616542544763113
00997,0.972593002132533,0.8068054741999041,0.9769917963853318,0.8081413530699468
00998,0.9123965715557865,0.8378672944458977,0.9306181157500284,0.8570729537366548
00999,0.8949674511767651,0.8933157271651033,0.8935532233883059,0.8681221549476289
