image_name,Dp,Gd,Gc,sp,ctr,bri,tex,frac,Sm,prompt
00000,0.25,0.25,0.25,0.25,0.0,0.0,0.0,0.0,0.0,0.0
00001,0.25,0.25,0.25,0.25,0.0,0.0,0.0,0.0,0.0,0.0
00002,0.0,0.0,0.25,0.0,0.25,0.25,0.0,0.25,0.0,0.0
00003,0.25,0.0,0.25,0.25,0.0,0.0,0.0,0.25,0.0,0.0
00004,0.25,0.0,0.25,0.25,0.0,0.0,0.0,0.25,0.0,0.0
00005,0.0,0.0,0.25,0.0,0.25,0.25,0.25,0.0,0.0,0.0
00006,0.25,0.0,0.25,0.0,0.25,0.0,0.0,0.25,0.0,0.0
00007,0.0,0.0,0.25,0.0,0.25,0.25,0.25,0.0,0.0,0.0
00008,0.25,0.25,0.25,0.25,0.0,0.0,0.0,0.0,0.0,0.0
00009,0.25,0.0,0.25,0.25,0.0,0.0,0.0,0.25,0.0,0.0
00010,0.0,0.25,0.0,0.0,0.25,0.25,0.0,0.25,0.0,0.0
00011,0.0,0.0,0.25,0.0,0.25,0.25,0.25,0.0,0.0,0.0
00012,0.0,0.0,0.0,0.0,0.25,0.25,0.25,0.0,0.25,0.0
00013,0.25,0.0,0.25,0.25,0.0,0.0,0.0,0.25,0.0,0.0
00014,0.25,0.0,0.25,0.25,0.0,0.0,0.0,0.25,0.0,0.0
00015,0.0,0.25,0.25,0.0,0.25,0.0,0.25,0.0,0.0,0.0
00016,0.25,0.0,0.25,0.25,0.0,0.0,0.0,0.25,0.0,0.0
00017,0.25,0.25,0.25,0.25,0.0,0.0,0.0,0.0,0.0,0.0
00018,0.25,0.0,0.0,0.0,0.25,0.25,0.0,0.25,0.0,0.0
00019,0.0,0.0,0.0,0.0,0.25,0.25,0.25,0.25,0.0,0.0
00020,0.0,0.0,0.0,0.0,0.25,0.25,0.25,0.25,0.0,0.0
00021,0.0,0.0,0.25,0.0,0.25,0.25,0.0,0.25,0.0,0.0
00022,0.25,0.0,0.25,0.25,0.0,0.0,0.0,0.25,0.0,0.0
00023,0.25,0.25,0.25,0.25,0.0,0.0,0.0,0.0,0.0,0.0
00024,0.25,0.0,0.0,0.0,0.0,0.25,0.0,0.25,0.25,0.0
00025,0.25,0.25,0.25,0.25,0.0,0.0,0.0,0.0,0.0,0.0
00026,0.0,0.0,0.0,0.0,0.25,0.25,0.25,0.25,0.0,0.0
00027,0.25,0.0,0.25,0.25,0.0,0.0,0.0,0.25,0.0,0.0
00028,0.0,0.0,0.25,0.0,0.25,0.25,0.25,0.0,0.0,0.0
00029,0.0,0.0,0.25,0.0,0.25,0.25,0.0,0.25,0.0,0.0
00030,0.25,0.0,0.0,0.0,0.25,0.25,0.0,0.25,0.0,0.0
00031,0.25,0.0,0.25,0.25,0.0,0.0,0.0,0.25,0.0,0.0
00032,0.25,0.0,0.25,0.0,0.25,0.0,0.0,0.25,0.0,0.0
00033,0.25,0.25,0.25,0.25,0.0,0.0,0.0,0.0,0.0,0.0
00034,0.25,0.25,0.25,0.25,0.0,0.0,0.0,0.0,0.0,0.0
00035,0.25,0.0,0.25,0.25,0.0,0.25,0.0,0.0,0.0,0.0
00036,0.0,0.0,0.25,0.0,0.25,0.25,0.25,0.0,0.0,0.0
00037,0.25,0.25,0.25,0.25,0.0,0.0,0.0,0.0,0.0,0.0
00038,0.0,0.0,0.25,0.0,0.25,0.25,0.0,0.25,0.0,0.0
00039,0.0,0.0,0.25,0.0,0.25,0.25,0.25,0.0,0.0,0.0
00040,0.25,0.25,0.25,0.25,0.0,0.0,0.0,0.0,0.0,0.0
00041,0.0,0.0,0.0,0.0,0.25,0.25,0.25,0.25,0.0,0.0
00042,0.0,0.0,0.25,0.0,0.25,0.0,0.25,0.25,0.0,0.0
00043,0.0,0.0,0.25,0.0,0.25,0.0,0.25,0.25,0.0,0.0
00044,0.25,0.0,0.0,0.0,0.25,0.25,0.0,0.25,0.0,0.0
00045,0.0,0.0,0.25,0.25,0.25,0.25,0.0,0.0,0.0,0.0
00046,0.25,0.0,0.0,0.0,0.0,0.25,0.0,0.25,0.25,0.0
00047,0.25,0.25,0.25,0.25,0.0,0.0,0.0,0.0,0.0,0.0
00048,0.0,0.0,0.25,0.0,0.25,0.0,0.25,0.25,0.0,0.0
00049,0.25,0.0,0.25,0.25,0.0,0.0,0.0,0.25,0.0,0.0
00050,0.25,0.0,0.25,0.0,0.0,0.25,0.0,0.25,0.0,0.0
00051,0.0,0.0,0.0,0.0,0.25,0.25,0.25,0.25,0.0,0.0
00052,0.0,0.0,0.25,0.0,0.25,0.25,0.25,0.0,0.0,0.0
00053,0.0,0.0,0.25,0.0,0.25,0.25,0.25,0.0,0.0,0.0
00054,0.25,0.25,0.25,0.25,0.0,0.0,0.0,0.0,0.0,0.0
00055,0.25,0.0,0.25,0.25,0.0,0.0,0.0,0.25,0.0,0.0
00056,0.25,0.25,0.25,0.25,0.0,0.0,0.0,0.0,0.0,0.0
00057,0.25,0.0,0.25,0.25,0.0,0.0,0.0,0.25,0.0,0.0
00058,0.0,0.0,0.25,0.0,0.25,0.25,0.0,0.25,0.0,0.0
00059,0.0,0.0,0.0,0.0,0.25,0.25,0.25,0.0,0.25,0.0
00060,0.25,0.25,0.25,0.25,0.0,0.0,0.0,0.0,0.0,0.0
00061,0.0,0.0,0.25,0.0,0.25,0.25,0.25,0.0,0.0,0.0
00062,0.0,0.0,0.25,0.0,0.25,0.25,0.0,0.25,0.0,0.0
00063,0.0,0.0,0.25,0.0,0.25,0.25,0.0,0.25,0.0,0.0
00064,0.0,0.25,0.0,0.0,0.25,0.25,0.25,0.0,0.0,0.0
00065,0.25,0.0,0.25,0.25,0.0,0.0,0.0,0.25,0.0,0.0
00066,0.0,0.0,0.25,0.0,0.25,0.25,0.25,0.0,0.0,0.0
00067,0.0,0.0,0.25,0.0,0.25,0.25,0.25,0.0,0.0,0.0
00068,0.0,0.0,0.25,0.0,0.25,0.25,0.25,0.0,0.0,0.0
00069,0.0,0.0,0.25,0.0,0.25,0.25,0.25,0.0,0.0,0.0
00070,0.0,0.0,0.25,0.0,0.25,0.25,0.25,0.0,0.0,0.0
00071,0.25,0.0,0.25,0.0,0.25,0.0,0.0,0.25,0.0,0.0
00072,0.0,0.0,0.25,0.0,0.25,0.25,0.25,0.0,0.0,0.0
00073,0.0,0.0,0.25,0.0,0.25,0.25,0.25,0.0,0.0,0.0
00074,0.25,0.25,0.25,0.25,0.0,0.0,0.0,0.0,0.0,0.0
00075,0.0,0.0,0.0,0.0,0.25,0.25,0.25,0.25,0.0,0.0
00076,0.0,0.0,0.0,0.0,0.25,0.25,0.25,0.25,0.0,0.0
00077,0.0,0.0,0.25,0.0,0.25,0.0,0.25,0.25,0.0,0.0
00078,0.0,0.0,0.0,0.0,0.25,0.25,0.25,0.25,0.0,0.0
00079,0.25,0.0,0.25,0.25,0.0,0.0,0.0,0.25,0.0,0.0
00080,0.0,0.0,0.0,0.0,0.25,0.25,0.25,0.25,0.0,0.0
00081,0.0,0.0,0.0,0.0,0.25,0.25,0.25,0.0,0.25,0.0
00082,0.0,0.0,0.25,0.0,0.25,0.0,0.25,0.25,0.0,0.0
00083,0.0,0.25,0.0,0.0,0.25,0.25,0.25,0.0,0.0,0.0
00084,0.25,0.0,0.25,0.25,0.0,0.0,0.0,0.25,0.0,0.0
00085,0.0,0.0,0.0,0.0,0.25,0.25,0.25,0.25,0.0,0.0
00086,0.0,0.0,0.25,0.0,0.25,0.25,0.25,0.0,0.0,0.0
00087,0.0,0.0,0.0,0.0,0.25,0.25,0.25,0.0,0.25,0.0
00088,0.0,0.0,0.25,0.0,0.25,0.25,0.0,0.25,0.0,0.0
00089,0.0,0.0,0.25,0.0,0.25,0.0,0.25,0.25,0.0,0.0
00090,0.25,0.0,0.0,0.0,0.25,0.25,0.25,0.0,0.0,0.0
00091,0.0,0.0,0.0,0.25,0.25,0.25,0.25,0.0,0.0,0.0
00092,0.25,0.0,0.25,0.25,0.0,0.0,0.0,0.25,0.0,0.0
00093,0.25,0.0,0.25,0.0,0.25,0.0,0.0,0.25,0.0,0.0
00094,0.0,0.0,0.25,0.0,0.25,0.25,0.25,0.0,0.0,0.0
00095,0.0,0.0,0.25,0.0,0.25,0.25,0.0,0.25,0.0,0.0
00096,0.0,0.0,0.25,0.0,0.25,0.0,0.25,0.25,0.0,0.0
00097,0.0,0.0,0.25,0.0,0.25,0.25,0.25,0.0,0.0,0.0
00098,0.0,0.0,0.0,0.0,0.25,0.25,0.25,0.25,0.0,0.0
00099,0.25,0.0,0.25,0.25,0.0,0.0,0.0,0.25,0.0,0.0
00100,0.25,0.25,0.25,0.25,0.0,0.0,0.0,0.0,0.0,0.0
00101,0.0,0.0,0.0,0.0,0.25,0.25,0.25,0.25,0.0,0.0
00102,0.0,0.0,0.25,0.0,0.25,0.25,0.0,0.25,0.0,0.0
00103,0.0,0.0,0.25,0.0,0.25,0.25,0.25,0.0,0.0,0.0
00104,0.0,0.0,0.0,0.0,0.25,0.25,0.25,0.25,0.0,0.0
00105,0.0,0.0,0.25,0.0,0.25,0.25,0.0,0.25,0.0,0.0
00106,0.0,0.0,0.25,0.0,0.25,0.0,0.25,0.25,0.0,0.0
00107,0.0,0.0,0.25,0.0,0.25,0.25,0.0,0.25,0.0,0.0
00108,0.25,0.25,0.25,0.25,0.0,0.0,0.0,0.0,0.0,0.0
00109,0.25,0.0,0.25,0.0,0.25,0.0,0.0,0.25,0.0,0.0
00110,0.0,0.0,0.25,0.0,0.25,0.25,0.25,0.0,0.0,0.0
00111,0.0,0.0,0.0,0.0,0.25,0.25,0.25,0.25,0.0,0.0
00112,0.0,0.0,0.25,0.0,0.25,0.25,0.0,0.25,0.0,0.0
00113,0.0,0.0,0.25,0.0,0.25,0.25,0.0,0.25,0.0,0.0
00114,0.25,0.0,0.25,0.0,0.25,0.0,0.0,0.25,0.0,0.0
00115,0.0,0.0,0.25,0.0,0.25,0.25,0.25,0.0,0.0,0.0
00116,0.0,0.0,0.0,0.0,0.25,0.25,0.25,0.25,0.0,0.0
00117,0.25,0.0,0.25,0.25,0.0,0.0,0.0,0.25,0.0,0.0
00118,0.0,0.0,0.0,0.25,0.25,0.25,0.25,0.0,0.0,0.0
00119,0.0,0.0,0.25,0.0,0.25,0.25,0.25,0.0,0.0,0.0
00120,0.0,0.0,0.25,0.0,0.25,0.0,0.25,0.25,0.0,0.0
00121,0.0,0.0,0.25,0.0,0.25,0.25,0.25,0.0,0.0,0.0
00122,0.0,0.0,0.25,0.0,0.25,0.25,0.0,0.25,0.0,0.0
00123,0.0,0.0,0.0,0.0,0.25,0.25,0.25,0.25,0.0,0.0
00124,0.0,0.0,0.25,0.0,0.25,0.25,0.0,0.25,0.0,0.0
00125,0.0,0.0,0.25,0.0,0.25,0.25,0.25,0.0,0.0,0.0
00126,0.0,0.0,0.25,0.0,0.25,0.25,0.0,0.25,0.0,0.0
00127,0.0,0.0,0.25,0.0,0.25,0.25,0.25,0.0,0.0,0.0
00128,0.0,0.0,0.25,0.0,0.25,0.25,0.0,0.25,0.0,0.0
00129,0.25,0.0,0.25,0.25,0.0,0.0,0.0,0.25,0.0,0.0
00130,0.25,0.0,0.25,0.25,0.0,0.0,0.0,0.25,0.0,0.0
00131,0.0,0.0,0.25,0.0,0.25,0.25,0.0,0.25,0.0,0.0
00132,0.25,0.25,0.25,0.25,0.0,0.0,0.0,0.0,0.0,0.0
00133,0.25,0.25,0.25,0.25,0.0,0.0,0.0,0.0,0.0,0.0
00134,0.0,0.0,0.0,0.25,0.25,0.25,0.25,0.0,0.0,0.0
00135,0.25,0.0,0.25,0.0,0.25,0.0,0.0,0.25,0.0,0.0
00136,0.0,0.0,0.25,0.0,0.25,0.25,0.25,0.0,0.0,0.0
00137,0.25,0.0,0.25,0.25,0.0,0.0,0.0,0.25,0.0,0.0
00138,0.0,0.0,0.25,0.0,0.25,0.25,0.25,0.0,0.0,0.0
00139,0.0,0.0,0.25,0.0,0.25,0.25,0.25,0.0,0.0,0.0
00140,0.0,0.0,0.25,0.0,0.25,0.25,0.0,0.25,0.0,0.0
00141,0.25,0.0,0.25,0.25,0.0,0.0,0.0,0.25,0.0,0.0
00142,0.0,0.0,0.0,0.0,0.25,0.25,0.25,0.25,0.0,0.0
00143,0.25,0.25,0.25,0.25,0.0,0.0,0.0,0.0,0.0,0.0
00144,0.25,0.0,0.25,0.0,0.25,0.0,0.0,0.25,0.0,0.0
00145,0.0,0.0,0.25,0.0,0.25,0.25,0.25,0.0,0.0,0.0
00146,0.0,0.0,0.0,0.0,0.25,0.25,0.25,0.25,0.0,0.0
00147,0.25,0.0,0.0,0.25,0.0,0.25,0.0,0.25,0.0,0.0
00148,0.0,0.25,0.0,0.0,0.25,0.25,0.25,0.0,0.0,0.0
00149,0.25,0.0,0.25,0.0,0.25,0.0,0.0,0.25,0.0,0.0
00150,0.0,0.25,0.0,0.0,0.25,0.25,0.0,0.25,0.0,0.0
00151,0.25,0.0,0.25,0.25,0.0,0.0,0.0,0.25,0.0,0.0
00152,0.25,0.25,0.25,0.25,0.0,0.0,0.0,0.0,0.0,0.0
00153,0.25,0.25,0.25,0.25,0.0,0.0,0.0,0.0,0.0,0.0
00154,0.0,0.0,0.25,0.0,0.25,0.25,0.25,0.0,0.0,0.0
00155,0.25,0.25,0.25,0.25,0.0,0.0,0.0,0.0,0.0,0.0
00156,0.25,0.0,0.25,0.25,0.0,0.0,0.0,0.25,0.0,0.0
00157,0.25,0.0,0.25,0.25,0.0,0.0,0.0,0.25,0.0,0.0
00158,0.25,0.25,0.25,0.25,0.0,0.0,0.0,0.0,0.0,0.0
00159,0.0,0.25,0.0,0.0,0.0,0.25,0.25,0.0,0.25,0.0
00160,0.0,0.0,0.25,0.0,0.25,0.25,0.25,0.0,0.0,0.0
00161,0.25,0.0,0.0,0.0,0.0,0.25,0.0,0.25,0.25,0.0
00162,0.0,0.0,0.25,0.0,0.25,0.25,0.25,0.0,0.0,0.0
00163,0.0,0.0,0.25,0.0,0.25,0.25,0.25,0.0,0.0,0.0
00164,0.0,0.0,0.25,0.0,0.25,0.25,0.25,0.0,0.0,0.0
00165,0.0,0.0,0.25,0.0,0.25,0.25,0.25,0.0,0.0,0.0
00166,0.0,0.0,0.25,0.0,0.25,0.0,0.25,0.25,0.0,0.0
00167,0.25,0.25,0.25,0.25,0.0,0.0,0.0,0.0,0.0,0.0
00168,0.25,0.0,0.25,0.25,0.0,0.0,0.0,0.25,0.0,0.0
00169,0.25,0.0,0.25,0.25,0.0,0.0,0.0,0.25,0.0,0.0
00170,0.25,0.25,0.25,0.25,0.0,0.0,0.0,0.0,0.0,0.0
00171,0.25,0.0,0.0,0.0,0.25,0.25,0.0,0.25,0.0,0.0
00172,0.25,0.0,0.25,0.25,0.0,0.25,0.0,0.0,0.0,0.0
00173,0.0,0.0,0.0,0.25,0.25,0.25,0.25,0.0,0.0,0.0
00174,0.25,0.25,0.25,0.25,0.0,0.0,0.0,0.0,0.0,0.0
00175,0.0,0.0,0.25,0.0,0.25,0.25,0.0,0.25,0.0,0.0
00176,0.0,0.0,0.0,0.0,0.25,0.25,0.25,0.25,0.0,0.0
00177,0.25,0.0,0.25,0.25,0.0,0.0,0.0,0.25,0.0,0.0
00178,0.25,0.25,0.25,0.25,0.0,0.0,0.0,0.0,0.0,0.0
00179,0.0,0.0,0.25,0.0,0.25,0.25,0.0,0.25,0.0,0.0
00180,0.0,0.0,0.0,0.0,0.25,0.25,0.25,0.25,0.0,0.0
00181,0.25,0.25,0.25,0.25,0.0,0.0,0.0,0.0,0.0,0.0
00182,0.25,0.25,0.25,0.25,0.0,0.0,0.0,0.0,0.0,0.0
00183,0.0,0.0,0.25,0.0,0.25,0.25,0.25,0.0,0.0,0.0
00184,0.25,0.0,0.25,0.25,0.0,0.0,0.0,0.25,0.0,0.0
00185,0.25,0.25,0.25,0.25,0.0,0.0,0.0,0.0,0.0,0.0
00186,0.25,0.25,0.25,0.25,0.0,0.0,0.0,0.0,0.0,0.0
00187,0.25,0.0,0.25,0.25,0.0,0.0,0.0,0.25,0.0,0.0
00188,0.0,0.0,0.25,0.0,0.25,0.25,0.0,0.25,0.0,0.0
00189,0.25,0.25,0.25,0.25,0.0,0.0,0.0,0.0,0.0,0.0
00190,0.25,0.0,0.25,0.25,0.0,0.0,0.0,0.25,0.0,0.0
00191,0.25,0.25,0.25,0.25,0.0,0.0,0.0,0.0,0.0,0.0
00192,0.25,0.25,0.25,0.25,0.0,0.0,0.0,0.0,0.0,0.0
00193,0.25,0.0,0.25,0.25,0.0,0.0,0.0,0.25,0.0,0.0
00194,0.25,0.0,0.25,0.25,0.0,0.0,0.0,0.25,0.0,0.0
00195,0.25,0.25,0.25,0.25,0.0,0.0,0.0,0.0,0.0,0.0
00196,0.25,0.0,0.25,0.25,0.0,0.0,0.0,0.25,0.0,0.0
00197,0.0,0.0,0.25,0.0,0.25,0.25,0.25,0.0,0.0,0.0
00198,0.25,0.0,0.0,0.0,0.0,0.25,0.0,0.25,0.25,0.0
00199,0.25,0.0,0.0,0.0,0.25,0.25,0.0,0.25,0.0,0.0
00200,0.25,0.0,0.25,0.25,0.0,0.0,0.0,0.25,0.0,0.0
00201,0.0,0.0,0.0,0.0,0.25,0.25,0.25,0.25,0.0,0.0
00202,0.0,0.0,0.0,0.0,0.25,0.25,0.25,0.25,0.0,0.0
00203,0.0,0.0,0.25,0.0,0.25,0.25,0.25,0.0,0.0,0.0
00204,0.25,0.25,0.25,0.25,0.0,0.0,0.0,0.0,0.0,0.0
00205,0.0,0.0,0.25,0.0,0.25,0.25,0.0,0.25,0.0,0.0
00206,0.25,0.0,0.25,0.0,0.25,0.0,0.0,0.25,0.0,0.0
00207,0.0,0.0,0.25,0.0,0.25,0.25,0.0,0.25,0.0,0.0
00208,0.25,0.0,0.25,0.25,0.0,0.0,0.0,0.25,0.0,0.0
00209,0.0,0.0,0.25,0.0,0.25,0.25,0.25,0.0,0.0,0.0
00210,0.25,0.25,0.25,0.25,0.0,0.0,0.0,0.0,0.0,0.0
00211,0.25,0.25,0.0,0.0,0.0,0.25,0.0,0.25,0.0,0.0
00212,0.0,0.0,0.0,0.0,0.25,0.25,0.25,0.0,0.25,0.0
00213,0.0,0.0,0.25,0.0,0.25,0.25,0.0,0.25,0.0,0.0
00214,0.0,0.0,0.0,0.0,0.25,0.25,0.25,0.25,0.0,0.0
00215,0.0,0.0,0.25,0.0,0.25,0.25,0.0,0.25,0.0,0.0
00216,0.25,0.0,0.25,0.25,0.0,0.0,0.0,0.25,0.0,0.0
00217,0.0,0.0,0.25,0.0,0.25,0.25,0.25,0.0,0.0,0.0
00218,0.0,0.0,0.25,0.0,0.25,0.0,0.25,0.25,0.0,0.0
00219,0.25,0.0,0.25,0.25,0.0,0.0,0.0,0.25,0.0,0.0
00220,0.25,0.25,0.25,0.25,0.0,0.0,0.0,0.0,0.0,0.0
00221,0.0,0.0,0.25,0.0,0.25,0.25,0.0,0.25,0.0,0.0
00222,0.0,0.0,0.0,0.0,0.25,0.25,0.25,0.25,0.0,0.0
00223,0.25,0.25,0.25,0.25,0.0,0.0,0.0,0.0,0.0,0.0
00224,0.25,0.25,0.25,0.25,0.0,0.0,0.0,0.0,0.0,0.0
00225,0.0,0.25,0.0,0.0,0.25,0.25,0.25,0.0,0.0,0.0
00226,0.0,0.25,0.25,0.0,0.25,0.0,0.25,0.0,0.0,0.0
00227,0.25,0.0,0.25,0.25,0.0,0.0,0.0,0.25,0.0,0.0
00228,0.0,0.25,0.25,0.0,0.25,0.0,0.25,0.0,0.0,0.0
00229,0.25,0.25,0.25,0.25,0.0,0.0,0.0,0.0,0.0,0.0
00230,0.25,0.25,0.25,0.25,0.0,0.0,0.0,0.0,0.0,0.0
00231,0.0,0.0,0.25,0.0,0.25,0.25,0.25,0.0,0.0,0.0
00232,0.0,0.0,0.25,0.0,0.25,0.25,0.0,0.25,0.0,0.0
00233,0.25,0.0,0.25,0.25,0.0,0.0,0.0,0.25,0.0,0.0
00234,0.0,0.0,0.25,0.0,0.25,0.25,0.0,0.25,0.0,0.0
00235,0.0,0.25,0.0,0.25,0.25,0.25,0.0,0.0,0.0,0.0
00236,0.25,0.25,0.25,0.25,0.0,0.0,0.0,0.0,0.0,0.0
00237,0.0,0.0,0.0,0.0,0.25,0.25,0.25,0.25,0.0,0.0
00238,0.25,0.25,0.25,0.25,0.0,0.0,0.0,0.0,0.0,0.0
00239,0.0,0.0,0.0,0.0,0.25,0.25,0.25,0.25,0.0,0.0
00240,0.25,0.0,0.25,0.25,0.0,0.0,0.0,0.25,0.0,0.0
00241,0.25,0.25,0.25,0.25,0.0,0.0,0.0,0.0,0.0,0.0
00242,0.0,0.0,0.0,0.0,0.25,0.25,0.25,0.25,0.0,0.0
00243,0.25,0.25,0.25,0.25,0.0,0.0,0.0,0.0,0.0,0.0
00244,0.25,0.25,0.25,0.25,0.0,0.0,0.0,0.0,0.0,0.0
00245,0.0,0.0,0.25,0.0,0.25,0.25,0.25,0.0,0.0,0.0
00246,0.25,0.0,0.25,0.25,0.0,0.0,0.0,0.25,0.0,0.0
00247,0.0,0.0,0.0,0.0,0.25,0.25,0.25,0.25,0.0,0.0
00248,0.0,0.0,0.0,0.0,0.25,0.25,0.25,0.25,0.0,0.0
00249,0.0,0.0,0.25,0.0,0.25,0.25,0.0,0.25,0.0,0.0
00250,0.0,0.25,0.25,0.0,0.25,0.0,0.0,0.25,0.0,0.0
00251,0.25,0.0,0.25,0.25,0.0,0.0,0.0,0.25,0.0,0.0
00252,0.0,0.0,0.25,0.0,0.25,0.25,0.0,0.25,0.0,0.0
00253,0.25,0.0,0.25,0.25,0.0,0.0,0.0,0.25,0.0,0.0
00254,0.0,0.0,0.25,0.0,0.25,0.25,0.25,0.0,0.0,0.0
00255,0.0,0.0,0.25,0.0,0.25,0.25,0.0,0.25,0.0,0.0
00256,0.0,0.0,0.25,0.0,0.25,0.25,0.0,0.25,0.0,0.0
00257,0.0,0.0,0.0,0.0,0.25,0.25,0.25,0.25,0.0,0.0
00258,0.0,0.0,0.25,0.0,0.25,0.25,0.25,0.0,0.0,0.0
00259,0.25,0.0,0.25,0.25,0.0,0.0,0.0,0.25,0.0,0.0
00260,0.25,0.0,0.25,0.25,0.0,0.0,0.0,0.25,0.0,0.0
00261,0.25,0.25,0.25,0.25,0.0,0.0,0.0,0.0,0.0,0.0
00262,0.25,0.25,0.25,0.25,0.0,0.0,0.0,0.0,0.0,0.0
00263,0.0,0.0,0.0,0.0,0.25,0.25,0.25,0.25,0.0,0.0
00264,0.25,0.25,0.25,0.25,0.0,0.0,0.0,0.0,0.0,0.0
00265,0.0,0.0,0.25,0.0,0.25,0.25,0.25,0.0,0.0,0.0
00266,0.25,0.25,0.25,0.25,0.0,0.0,0.0,0.0,0.0,0.0
00267,0.0,0.0,0.25,0.0,0.25,0.25,0.0,0.25,0.0,0.0
00268,0.0,0.0,0.25,0.0,0.25,0.25,0.25,0.0,0.0,0.0
00269,0.0,0.0,0.25,0.0,0.25,0.25,0.25,0.0,0.0,0.0
00270,0.0,0.0,0.25,0.0,0.25,0.25,0.25,0.0,0.0,0.0
00271,0.0,0.0,0.25,0.0,0.25,0.0,0.25,0.25,0.0,0.0
00272,0.0,0.0,0.25,0.0,0.25,0.25,0.25,0.0,0.0,0.0
00273,0.0,0.0,0.25,0.0,0.25,0.25,0.25,0.0,0.0,0.0
00274,0.0,0.0,0.25,0.0,0.25,0.25,0.25,0.0,0.0,0.0
00275,0.25,0.0,0.25,0.25,0.0,0.0,0.0,0.25,0.0,0.0
00276,0.25,0.0,0.25,0.25,0.0,0.0,0.0,0.25,0.0,0.0
00277,0.0,0.0,0.25,0.0,0.25,0.25,0.0,0.25,0.0,0.0
00278,0.25,0.25,0.25,0.25,0.0,0.0,0.0,0.0,0.0,0.0
00279,0.25,0.0,0.25,0.25,0.0,0.0,0.0,0.25,0.0,0.0
00280,0.25,0.25,0.25,0.25,0.0,0.0,0.0,0.0,0.0,0.0
00281,0.0,0.0,0.25,0.0,0.25,0.25,0.0,0.25,0.0,0.0
00282,0.25,0.0,0.25,0.25,0.0,0.0,0.0,0.25,0.0,0.0
00283,0.0,0.0,0.25,0.0,0.25,0.25,0.25,0.0,0.0,0.0
00284,0.0,0.0,0.25,0.0,0.25,0.25,0.0,0.25,0.0,0.0
00285,0.0,0.0,0.25,0.0,0.25,0.25,0.0,0.25,0.0,0.0
00286,0.25,0.0,0.25,0.0,0.25,0.0,0.0,0.25,0.0,0.0
00287,0.0,0.0,0.0,0.0,0.25,0.25,0.25,0.0,0.25,0.0
00288,0.0,0.0,0.0,0.0,0.25,0.25,0.25,0.25,0.0,0.0
00289,0.25,0.25,0.25,0.25,0.0,0.0,0.0,0.0,0.0,0.0
00290,0.25,0.25,0.25,0.25,0.0,0.0,0.0,0.0,0.0,0.0
00291,0.25,0.25,0.25,0.25,0.0,0.0,0.0,0.0,0.0,0.0
00292,0.0,0.0,0.0,0.0,0.25,0.25,0.25,0.25,0.0,0.0
00293,0.0,0.0,0.0,0.25,0.25,0.25,0.25,0.0,0.0,0.0
00294,0.0,0.0,0.25,0.0,0.25,0.25,0.0,0.25,0.0,0.0
00295,0.25,0.0,0.25,0.25,0.0,0.0,0.0,0.25,0.0,0.0
00296,0.25,0.0,0.25,0.0,0.25,0.0,0.0,0.25,0.0,0.0
00297,0.0,0.0,0.0,0.0,0.25,0.25,0.25,0.25,0.0,0.0
00298,0.0,0.0,0.25,0.0,0.25,0.25,0.25,0.0,0.0,0.0
00299,0.25,0.0,0.25,0.0,0.25,0.0,0.0,0.25,0.0,0.0
00300,0.0,0.0,0.25,0.0,0.25,0.25,0.25,0.0,0.0,0.0
00301,0.0,0.0,0.25,0.0,0.25,0.25,0.25,0.0,0.0,0.0
00302,0.25,0.0,0.25,0.0,0.25,0.0,0.0,0.25,0.0,0.0
00303,0.0,0.0,0.25,0.0,0.25,0.25,0.0,0.25,0.0,0.0
00304,0.25,0.25,0.25,0.25,0.0,0.0,0.0,0.0,0.0,0.0
00305,0.0,0.0,0.25,0.0,0.25,0.25,0.0,0.25,0.0,0.0
00306,0.0,0.0,0.0,0.25,0.25,0.25,0.25,0.0,0.0,0.0
00307,0.0,0.0,0.0,0.0,0.25,0.25,0.25,0.25,0.0,0.0
00308,0.25,0.25,0.25,0.25,0.0,0.0,0.0,0.0,0.0,0.0
00309,0.25,0.0,0.25,0.25,0.0,0.0,0.0,0.25,0.0,0.0
00310,0.0,0.0,0.25,0.0,0.25,0.25,0.25,0.0,0.0,0.0
00311,0.25,0.25,0.25,0.25,0.0,0.0,0.0,0.0,0.0,0.0
00312,0.25,0.0,0.25,0.0,0.25,0.0,0.0,0.25,0.0,0.0
00313,0.0,0.0,0.0,0.0,0.25,0.25,0.25,0.25,0.0,0.0
00314,0.25,0.25,0.25,0.25,0.0,0.0,0.0,0.0,0.0,0.0
00315,0.0,0.25,0.25,0.0,0.25,0.0,0.25,0.0,0.0,0.0
00316,0.25,0.0,0.25,0.0,0.25,0.0,0.0,0.25,0.0,0.0
00317,0.25,0.0,0.25,0.0,0.25,0.0,0.0,0.25,0.0,0.0
00318,0.0,0.0,0.25,0.0,0.25,0.25,0.25,0.0,0.0,0.0
00319,0.0,0.0,0.25,0.0,0.25,0.25,0.0,0.25,0.0,0.0
00320,0.25,0.25,0.25,0.25,0.0,0.0,0.0,0.0,0.0,0.0
00321,0.0,0.25,0.0,0.0,0.25,0.25,0.25,0.0,0.0,0.0
00322,0.25,0.0,0.25,0.0,0.25,0.0,0.0,0.25,0.0,0.0
00323,0.0,0.0,0.0,0.0,0.25,0.25,0.25,0.25,0.0,0.0
00324,0.0,0.0,0.25,0.0,0.25,0.25,0.25,0.0,0.0,0.0
00325,0.0,0.0,0.0,0.0,0.25,0.25,0.25,0.25,0.0,0.0
00326,0.25,0.0,0.0,0.0,0.25,0.25,0.0,0.25,0.0,0.0
00327,0.25,0.0,0.25,0.0,0.25,0.0,0.0,0.25,0.0,0.0
00328,0.0,0.0,0.0,0.0,0.25,0.25,0.25,0.25,0.0,0.0
00329,0.25,0.0,0.25,0.25,0.0,0.0,0.0,0.25,0.0,0.0
00330,0.25,0.25,0.25,0.25,0.0,0.0,0.0,0.0,0.0,0.0
00331,0.25,0.0,0.25,0.25,0.0,0.0,0.0,0.25,0.0,0.0
00332,0.0,0.0,0.25,0.0,0.25,0.25,0.25,0.0,0.0,0.0
00333,0.0,0.0,0.0,0.25,0.25,0.25,0.25,0.0,0.0,0.0
00334,0.0,0.0,0.0,0.0,0.25,0.25,0.25,0.25,0.0,0.0
00335,0.0,0.0,0.25,0.0,0.25,0.25,0.25,0.0,0.0,0.0
00336,0.0,0.0,0.0,0.25,0.25,0.25,0.25,0.0,0.0,0.0
00337,0.0,0.0,0.25,0.0,0.25,0.25,0.25,0.0,0.0,0.0
00338,0.25,0.0,0.25,0.25,0.0,0.0,0.0,0.25,0.0,0.0
00339,0.0,0.0,0.0,0.0,0.25,0.25,0.25,0.25,0.0,0.0
00340,0.25,0.25,0.25,0.25,0.0,0.0,0.0,0.0,0.0,0.0
00341,0.25,0.25,0.25,0.25,0.0,0.0,0.0,0.0,0.0,0.0
00342,0.0,0.0,0.25,0.0,0.25,0.25,0.25,0.0,0.0,0.0
00343,0.0,0.0,0.0,0.0,0.25,0.25,0.25,0.25,0.0,0.0
00344,0.25,0.25,0.25,0.25,0.0,0.0,0.0,0.0,0.0,0.0
00345,0.25,0.0,0.25,0.25,0.0,0.0,0.0,0.25,0.0,0.0
00346,0.0,0.0,0.0,0.25,0.25,0.25,0.25,0.0,0.0,0.0
00347,0.0,0.25,0.0,0.0,0.25,0.25,0.0,0.25,0.0,0.0
00348,0.0,0.0,0.0,0.0,0.25,0.25,0.25,0.25,0.0,0.0
00349,0.25,0.0,0.25,0.0,0.25,0.0,0.0,0.25,0.0,0.0
00350,0.25,0.25,0.25,0.25,0.0,0.0,0.0,0.0,0.0,0.0
00351,0.0,0.0,0.25,0.0,0.25,0.25,0.25,0.0,0.0,0.0
00352,0.0,0.0,0.25,0.0,0.25,0.25,0.25,0.0,0.0,0.0
00353,0.0,0.0,0.25,0.0,0.25,0.25,0.0,0.25,0.0,0.0
00354,0.0,0.0,0.25,0.0,0.25,0.25,0.0,0.25,0.0,0.0
00355,0.25,0.25,0.25,0.25,0.0,0.0,0.0,0.0,0.0,0.0
00356,0.0,0.0,0.25,0.0,0.25,0.25,0.25,0.0,0.0,0.0
00357,0.25,0.0,0.25,0.25,0.0,0.0,0.0,0.25,0.0,0.0
00358,0.0,0.0,0.0,0.0,0.25,0.25,0.25,0.25,0.0,0.0
00359,0.0,0.0,0.25,0.0,0.25,0.25,0.0,0.25,0.0,0.0
00360,0.0,0.25,0.0,0.0,0.25,0.25,0.0,0.25,0.0,0.0
00361,0.0,0.0,0.25,0.0,0.25,0.25,0.0,0.25,0.0,0.0
00362,0.25,0.0,0.25,0.25,0.0,0.0,0.0,0.25,0.0,0.0
00363,0.25,0.25,0.25,0.25,0.0,0.0,0.0,0.0,0.0,0.0
00364,0.25,0.0,0.25,0.25,0.0,0.0,0.0,0.25,0.0,0.0
00365,0.0,0.0,0.25,0.0,0.25,0.25,0.25,0.0,0.0,0.0
00366,0.0,0.0,0.25,0.0,0.25,0.25,0.25,0.0,0.0,0.0
00367,0.0,0.0,0.0,0.0,0.25,0.25,0.25,0.25,0.0,0.0
00368,0.0,0.0,0.25,0.0,0.25,0.25,0.0,0.25,0.0,0.0
00369,0.0,0.0,0.0,0.0,0.25,0.25,0.25,0.25,0.0,0.0
00370,0.0,0.0,0.0,0.0,0.25,0.25,0.25,0.25,0.0,0.0
00371,0.0,0.0,0.0,0.0,0.25,0.25,0.25,0.25,0.0,0.0
00372,0.25,0.25,0.25,0.25,0.0,0.0,0.0,0.0,0.0,0.0
00373,0.0,0.0,0.25,0.0,0.25,0.25,0.25,0.0,0.0,0.0
00374,0.0,0.0,0.25,0.0,0.25,0.25,0.25,0.0,0.0,0.0
00375,0.25,0.0,0.25,0.25,0.0,0.0,0.0,0.25,0.0,0.0
00376,0.0,0.0,0.25,0.0,0.25,0.25,0.25,0.0,0.0,0.0
00377,0.25,0.0,0.25,0.25,0.0,0.0,0.0,0.25,0.0,0.0
00378,0.25,0.25,0.25,0.25,0.0,0.0,0.0,0.0,0.0,0.0
00379,0.0,0.0,0.25,0.0,0.25,0.25,0.25,0.0,0.0,0.0
00380,0.0,0.0,0.25,0.0,0.25,0.25,0.0,0.25,0.0,0.0
00381,0.25,0.0,0.25,0.0,0.25,0.0,0.0,0.25,0.0,0.0
00382,0.25,0.0,0.25,0.0,0.25,0.0,0.0,0.25,0.0,0.0
00383,0.0,0.0,0.0,0.0,0.25,0.25,0.25,0.0,0.25,0.0
00384,0.0,0.0,0.0,0.0,0.25,0.25,0.25,0.0,0.25,0.0
00385,0.0,0.0,0.25,0.0,0.25,0.25,0.25,0.0,0.0,0.0
00386,0.0,0.0,0.25,0.0,0.25,0.25,0.25,0.0,0.0,0.0
00387,0.25,0.0,0.25,0.25,0.0,0.0,0.0,0.25,0.0,0.0
00388,0.25,0.0,0.25,0.25,0.0,0.0,0.0,0.25,0.0,0.0
00389,0.25,0.25,0.25,0.25,0.0,0.0,0.0,0.0,0.0,0.0
00390,0.0,0.0,0.0,0.25,0.25,0.25,0.25,0.0,0.0,0.0
00391,0.0,0.0,0.0,0.0,0.25,0.25,0.25,0.25,0.0,0.0
00392,0.0,0.25,0.0,0.25,0.25,0.25,0.0,0.0,0.0,0.0
00393,0.25,0.25,0.25,0.25,0.0,0.0,0.0,0.0,0.0,0.0
00394,0.0,0.0,0.25,0.0,0.25,0.25,0.0,0.25,0.0,0.0
00395,0.0,0.0,0.0,0.25,0.25,0.25,0.25,0.0,0.0,0.0
00396,0.0,0.0,0.25,0.0,0.25,0.25,0.0,0.25,0.0,0.0
00397,0.0,0.0,0.0,0.0,0.25,0.25,0.25,0.25,0.0,0.0
00398,0.25,0.25,0.25,0.25,0.0,0.0,0.0,0.0,0.0,0.0
00399,0.25,0.0,0.25,0.25,0.0,0.0,0.0,0.25,0.0,0.0
00400,0.25,0.25,0.25,0.25,0.0,0.0,0.0,0.0,0.0,0.0
00401,0.25,0.25,0.25,0.25,0.0,0.0,0.0,0.0,0.0,0.0
00402,0.0,0.0,0.25,0.0,0.25,0.25,0.0,0.25,0.0,0.0
00403,0.0,0.0,0.0,0.0,0.25,0.25,0.25,0.25,0.0,0.0
00404,0.0,0.0,0.25,0.0,0.25,0.25,0.25,0.0,0.0,0.0
00405,0.25,0.25,0.25,0.25,0.0,0.0,0.0,0.0,0.0,0.0
00406,0.25,0.0,0.0,0.0,0.25,0.25,0.25,0.0,0.0,0.0
00407,0.25,0.25,0.25,0.0,0.0,0.0,0.0,0.25,0.0,0.0
00408,0.25,0.25,0.25,0.25,0.0,0.0,0.0,0.0,0.0,0.0
00409,0.0,0.0,0.25,0.0,0.25,0.25,0.0,0.25,0.0,0.0
00410,0.25,0.25,0.25,0.25,0.0,0.0,0.0,0.0,0.0,0.0
00411,0.25,0.25,0.25,0.25,0.0,0.0,0.0,0.0,0.0,0.0
00412,0.25,0.0,0.25,0.0,0.25,0.0,0.0,0.25,0.0,0.0
00413,0.0,0.0,0.25,0.0,0.25,0.25,0.0,0.25,0.0,0.0
00414,0.0,0.0,0.25,0.0,0.25,0.25,0.0,0.25,0.0,0.0
00415,0.25,0.25,0.25,0.25,0.0,0.0,0.0,0.0,0.0,0.0
00416,0.0,0.0,0.25,0.0,0.25,0.25,0.25,0.0,0.0,0.0
00417,0.25,0.0,0.25,0.0,0.25,0.0,0.0,0.25,0.0,0.0
00418,0.0,0.0,0.0,0.0,0.25,0.25,0.25,0.0,0.25,0.0
00419,0.0,0.0,0.25,0.0,0.25,0.25,0.25,0.0,0.0,0.0
00420,0.0,0.0,0.25,0.0,0.25,0.25,0.25,0.0,0.0,0.0
00421,0.25,0.25,0.25,0.25,0.0,0.0,0.0,0.0,0.0,0.0
00422,0.25,0.0,0.25,0.25,0.0,0.0,0.0,0.25,0.0,0.0
00423,0.25,0.25,0.25,0.25,0.0,0.0,0.0,0.0,0.0,0.0
00424,0.0,0.0,0.25,0.0,0.25,0.25,0.0,0.25,0.0,0.0
00425,0.25,0.0,0.25,0.0,0.25,0.0,0.0,0.25,0.0,0.0
00426,0.0,0.0,0.0,0.0,0.25,0.25,0.25,0.25,0.0,0.0
00427,0.0,0.0,0.25,0.0,0.25,0.25,0.0,0.25,0.0,0.0
00428,0.0,0.0,0.25,0.0,0.25,0.25,0.25,0.0,0.0,0.0
00429,0.0,0.0,0.25,0.0,0.25,0.25,0.25,0.0,0.0,0.0
00430,0.0,0.0,0.25,0.0,0.25,0.25,0.25,0.0,0.0,0.0
00431,0.0,0.0,0.25,0.0,0.25,0.0,0.25,0.25,0.0,0.0
00432,0.0,0.0,0.25,0.0,0.25,0.25,0.0,0.25,0.0,0.0
00433,0.0,0.0,0.25,0.0,0.25,0.25,0.0,0.25,0.0,0.0
00434,0.0,0.25,0.0,0.0,0.0,0.25,0.25,0.25,0.0,0.0
00435,0.25,0.25,0.25,0.25,0.0,0.0,0.0,0.0,0.0,0.0
00436,0.0,0.0,0.25,0.0,0.25,0.25,0.25,0.0,0.0,0.0
00437,0.0,0.0,0.25,0.0,0.25,0.25,0.0,0.25,0.0,0.0
00438,0.25,0.0,0.25,0.25,0.0,0.0,0.0,0.25,0.0,0.0
00439,0.0,0.0,0.25,0.0,0.25,0.25,0.0,0.25,0.0,0.0
00440,0.0,0.25,0.0,0.25,0.0,0.25,0.0,0.25,0.0,0.0
00441,0.0,0.0,0.25,0.0,0.25,0.25,0.25,0.0,0.0,0.0
00442,0.25,0.0,0.25,0.25,0.0,0.0,0.0,0.25,0.0,0.0
00443,0.0,0.0,0.25,0.0,0.25,0.25,0.25,0.0,0.0,0.0
00444,0.25,0.0,0.25,0.0,0.25,0.0,0.0,0.25,0.0,0.0
00445,0.25,0.25,0.25,0.25,0.0,0.0,0.0,0.0,0.0,0.0
00446,0.0,0.0,0.25,0.0,0.25,0.25,0.0,0.25,0.0,0.0
00447,0.25,0.25,0.25,0.25,0.0,0.0,0.0,0.0,0.0,0.0
00448,0.25,0.25,0.25,0.25,0.0,0.0,0.0,0.0,0.0,0.0
00449,0.0,0.0,0.25,0.0,0.25,0.25,0.0,0.25,0.0,0.0
00450,0.25,0.25,0.25,0.25,0.0,0.0,0.0,0.0,0.0,0.0
00451,0.25,0.0,0.25,0.25,0.0,0.0,0.0,0.25,0.0,0.0
00452,0.25,0.0,0.25,0.25,0.0,0.0,0.0,0.25,0.0,0.0
00453,0.25,0.0,0.25,0.25,0.0,0.0,0.0,0.25,0.0,0.0
00454,0.0,0.0,0.25,0.0,0.25,0.25,0.0,0.25,0.0,0.0
00455,0.0,0.0,0.25,0.0,0.25,0.25,0.25,0.0,0.0,0.0
00456,0.0,0.0,0.0,0.0,0.25,0.25,0.25,0.25,0.0,0.0
00457,0.0,0.0,0.25,0.0,0.25,0.25,0.0,0.25,0.0,0.0
00458,0.0,0.0,0.0,0.0,0.25,0.25,0.25,0.25,0.0,0.0
00459,0.0,0.0,0.25,0.0,0.25,0.25,0.0,0.25,0.0,0.0
00460,0.25,0.0,0.25,0.25,0.0,0.0,0.0,0.25,0.0,0.0
00461,0.0,0.0,0.25,0.0,0.25,0.25,0.25,0.0,0.0,0.0
00462,0.25,0.25,0.25,0.25,0.0,0.0,0.0,0.0,0.0,0.0
00463,0.0,0.0,0.25,0.0,0.25,0.25,0.0,0.25,0.0,0.0
00464,0.0,0.0,0.0,0.25,0.25,0.25,0.25,0.0,0.0,0.0
00465,0.0,0.0,0.25,0.0,0.25,0.25,0.25,0.0,0.0,0.0
00466,0.0,0.0,0.25,0.0,0.25,0.25,0.25,0.0,0.0,0.0
00467,0.25,0.0,0.25,0.25,0.0,0.0,0.0,0.25,0.0,0.0
00468,0.25,0.0,0.25,0.25,0.0,0.0,0.0,0.25,0.0,0.0
00469,0.25,0.25,0.25,0.25,0.0,0.0,0.0,0.0,0.0,0.0
00470,0.25,0.0,0.25,0.25,0.0,0.0,0.0,0.25,0.0,0.0
00471,0.25,0.25,0.25,0.25,0.0,0.0,0.0,0.0,0.0,0.0
00472,0.25,0.25,0.25,0.25,0.0,0.0,0.0,0.0,0.0,0.0
00473,0.0,0.25,0.0,0.25,0.25,0.25,0.0,0.0,0.0,0.0
00474,0.0,0.0,0.25,0.0,0.25,0.25,0.0,0.25,0.0,0.0
00475,0.0,0.0,0.25,0.0,0.25,0.25,0.25,0.0,0.0,0.0
00476,0.0,0.0,0.0,0.0,0.25,0.25,0.25,0.25,0.0,0.0
00477,0.25,0.25,0.25,0.25,0.0,0.0,0.0,0.0,0.0,0.0
00478,0.0,0.25,0.25,0.0,0.25,0.0,0.25,0.0,0.0,0.0
00479,0.0,0.0,0.25,0.0,0.25,0.25,0.25,0.0,0.0,0.0
00480,0.25,0.0,0.25,0.0,0.25,0.0,0.0,0.25,0.0,0.0
00481,0.0,0.0,0.25,0.0,0.25,0.25,0.0,0.25,0.0,0.0
00482,0.0,0.0,0.25,0.0,0.25,0.25,0.0,0.25,0.0,0.0
00483,0.0,0.0,0.25,0.0,0.25,0.25,0.25,0.0,0.0,0.0
00484,0.0,0.0,0.25,0.0,0.25,0.25,0.25,0.0,0.0,0.0
00485,0.25,0.0,0.25,0.0,0.25,0.0,0.0,0.25,0.0,0.0
00486,0.0,0.0,0.0,0.0,0.25,0.25,0.25,0.25,0.0,0.0
00487,0.25,0.0,0.25,0.25,0.0,0.0,0.0,0.25,0.0,0.0
00488,0.25,0.0,0.25,0.25,0.0,0.0,0.0,0.25,0.0,0.0
00489,0.25,0.0,0.25,0.25,0.0,0.0,0.0,0.25,0.0,0.0
00490,0.0,0.0,0.0,0.0,0.25,0.25,0.25,0.25,0.0,0.0
00491,0.0,0.25,0.0,0.0,0.25,0.25,0.25,0.0,0.0,0.0
00492,0.25,0.0,0.25,0.0,0.25,0.0,0.0,0.25,0.0,0.0
00493,0.25,0.25,0.25,0.25,0.0,0.0,0.0,0.0,0.0,0.0
00494,0.0,0.0,0.25,0.0,0.25,0.25,0.25,0.0,0.0,0.0
00495,0.25,0.0,0.25,0.25,0.0,0.0,0.0,0.25,0.0,0.0
00496,0.0,0.0,0.25,0.0,0.25,0.25,0.0,0.25,0.0,0.0
00497,0.0,0.0,0.25,0.0,0.25,0.25,0.25,0.0,0.0,0.0
00498,0.25,0.0,0.25,0.25,0.0,0.0,0.0,0.25,0.0,0.0
00499,0.0,0.0,0.25,0.0,0.25,0.25,0.25,0.0,0.0,0.0
00500,0.0,0.0,0.25,0.0,0.25,0.0,0.25,0.25,0.0,0.0
00501,0.25,0.25,0.25,0.25,0.0,0.0,0.0,0.0,0.0,0.0
00502,0.25,0.0,0.25,0.25,0.0,0.0,0.0,0.25,0.0,0.0
00503,0.25,0.25,0.25,0.25,0.0,0.0,0.0,0.0,0.0,0.0
00504,0.25,0.25,0.25,0.25,0.0,0.0,0.0,0.0,0.0,0.0
00505,0.0,0.0,0.0,0.0,0.25,0.25,0.25,0.25,0.0,0.0
00506,0.0,0.0,0.25,0.0,0.25,0.25,0.25,0.0,0.0,0.0
00507,0.25,0.0,0.25,0.25,0.0,0.0,0.0,0.25,0.0,0.0
00508,0.25,0.25,0.25,0.25,0.0,0.0,0.0,0.0,0.0,0.0
00509,0.0,0.0,0.25,0.0,0.25,0.25,0.0,0.25,0.0,0.0
00510,0.25,0.0,0.25,0.25,0.0,0.0,0.0,0.25,0.0,0.0
00511,0.0,0.0,0.25,0.0,0.25,0.25,0.25,0.0,0.0,0.0
00512,0.0,0.0,0.25,0.0,0.25,0.25,0.0,0.25,0.0,0.0
00513,0.25,0.25,0.25,0.25,0.0,0.0,0.0,0.0,0.0,0.0
00514,0.25,0.25,0.25,0.25,0.0,0.0,0.0,0.0,0.0,0.0
00515,0.25,0.0,0.25,0.0,0.25,0.0,0.0,0.25,0.0,0.0
00516,0.0,0.25,0.0,0.25,0.25,0.25,0.0,0.0,0.0,0.0
00517,0.0,0.0,0.0,0.0,0.25,0.25,0.25,0.0,0.25,0.0
00518,0.0,0.0,0.0,0.0,0.25,0.25,0.25,0.25,0.0,0.0
00519,0.25,0.25,0.25,0.25,0.0,0.0,0.0,0.0,0.0,0.0
00520,0.0,0.0,0.25,0.0,0.25,0.25,0.25,0.0,0.0,0.0
00521,0.0,0.0,0.0,0.25,0.25,0.25,0.25,0.0,0.0,0.0
00522,0.25,0.25,0.25,0.25,0.0,0.0,0.0,0.0,0.0,0.0
00523,0.0,0.0,0.0,0.0,0.25,0.25,0.25,0.25,0.0,0.0
00524,0.0,0.25,0.0,0.0,0.25,0.25,0.25,0.0,0.0,0.0
00525,0.0,0.0,0.25,0.0,0.25,0.0,0.25,0.25,0.0,0.0
00526,0.0,0.0,0.25,0.0,0.25,0.25,0.25,0.0,0.0,0.0
00527,0.0,0.0,0.0,0.0,0.25,0.25,0.25,0.0,0.25,0.0
00528,0.25,0.25,0.25,0.25,0.0,0.0,0.0,0.0,0.0,0.0
00529,0.0,0.0,0.25,0.0,0.25,0.25,0.0,0.25,0.0,0.0
00530,0.25,0.0,0.25,0.25,0.0,0.0,0.0,0.25,0.0,0.0
00531,0.25,0.0,0.25,0.0,0.25,0.0,0.0,0.25,0.0,0.0
00532,0.25,0.0,0.0,0.0,0.25,0.25,0.0,0.25,0.0,0.0
00533,0.0,0.0,0.25,0.0,0.25,0.25,0.0,0.25,0.0,0.0
00534,0.25,0.0,0.25,0.25,0.0,0.0,0.0,0.25,0.0,0.0
00535,0.25,0.0,0.25,0.25,0.0,0.0,0.0,0.25,0.0,0.0
00536,0.0,0.25,0.25,0.0,0.25,0.0,0.25,0.0,0.0,0.0
00537,0.25,0.25,0.25,0.25,0.0,0.0,0.0,0.0,0.0,0.0
00538,0.0,0.0,0.25,0.0,0.25,0.25,0.25,0.0,0.0,0.0
00539,0.0,0.0,0.25,0.0,0.25,0.25,0.25,0.0,0.0,0.0
00540,0.0,0.0,0.0,0.0,0.25,0.25,0.25,0.25,0.0,0.0
00541,0.25,0.25,0.25,0.25,0.0,0.0,0.0,0.0,0.0,0.0
00542,0.25,0.25,0.25,0.25,0.0,0.0,0.0,0.0,0.0,0.0
00543,0.25,0.0,0.25,0.25,0.0,0.0,0.0,0.25,0.0,0.0
00544,0.25,0.0,0.0,0.0,0.25,0.25,0.0,0.25,0.0,0.0
00545,0.0,0.0,0.25,0.0,0.25,0.25,0.25,0.0,0.0,0.0
00546,0.0,0.0,0.25,0.0,0.25,0.25,0.25,0.0,0.0,0.0
00547,0.0,0.0,0.25,0.0,0.25,0.25,0.0,0.25,0.0,0.0
00548,0.25,0.0,0.25,0.25,0.0,0.0,0.0,0.25,0.0,0.0
00549,0.0,0.0,0.25,0.0,0.25,0.25,0.25,0.0,0.0,0.0
00550,0.0,0.0,0.25,0.0,0.25,0.25,0.25,0.0,0.0,0.0
00551,0.0,0.0,0.0,0.0,0.25,0.25,0.25,0.25,0.0,0.0
00552,0.25,0.25,0.25,0.25,0.0,0.0,0.0,0.0,0.0,0.0
00553,0.0,0.0,0.0,0.25,0.25,0.25,0.25,0.0,0.0,0.0
00554,0.0,0.25,0.0,0.0,0.25,0.25,0.25,0.0,0.0,0.0
00555,0.0,0.0,0.25,0.0,0.25,0.25,0.25,0.0,0.0,0.0
00556,0.0,0.0,0.25,0.0,0.25,0.25,0.25,0.0,0.0,0.0
00557,0.0,0.0,0.0,0.0,0.25,0.25,0.25,0.25,0.0,0.0
00558,0.0,0.0,0.25,0.0,0.25,0.25,0.0,0.25,0.0,0.0
00559,0.0,0.0,0.25,0.0,0.25,0.25,0.25,0.0,0.0,0.0
00560,0.0,0.0,0.0,0.0,0.25,0.25,0.25,0.25,0.0,0.0
00561,0.0,0.0,0.25,0.0,0.25,0.25,0.25,0.0,0.0,0.0
00562,0.0,0.0,0.0,0.25,0.25,0.25,0.25,0.0,0.0,0.0
00563,0.0,0.0,0.25,0.0,0.25,0.25,0.25,0.0,0.0,0.0
00564,0.0,0.0,0.25,0.0,0.25,0.25,0.25,0.0,0.0,0.0
00565,0.25,0.0,0.25,0.0,0.25,0.0,0.0,0.25,0.0,0.0
00566,0.0,0.0,0.0,0.0,0.25,0.25,0.25,0.25,0.0,0.0
00567,0.0,0.0,0.25,0.0,0.25,0.25,0.25,0.0,0.0,0.0
00568,0.0,0.0,0.0,0.25,0.25,0.25,0.25,0.0,0.0,0.0
00569,0.0,0.0,0.25,0.0,0.25,0.0,0.25,0.25,0.0,0.0
00570,0.25,0.0,0.25,0.0,0.25,0.0,0.0,0.25,0.0,0.0
00571,0.25,0.0,0.25,0.0,0.25,0.0,0.0,0.25,0.0,0.0
00572,0.0,0.0,0.25,0.0,0.25,0.25,0.25,0.0,0.0,0.0
00573,0.0,0.0,0.25,0.0,0.25,0.25,0.25,0.0,0.0,0.0
00574,0.0,0.0,0.25,0.0,0.25,0.25,0.0,0.25,0.0,0.0
00575,0.0,0.0,0.0,0.0,0.25,0.25,0.25,0.25,0.0,0.0
00576,0.25,0.25,0.25,0.25,0.0,0.0,0.0,0.0,0.0,0.0
00577,0.25,0.0,0.0,0.0,0.25,0.25,0.0,0.25,0.0,0.0
00578,0.25,0.0,0.25,0.25,0.0,0.0,0.0,0.25,0.0,0.0
00579,0.25,0.0,0.25,0.25,0.0,0.0,0.0,0.25,0.0,0.0
00580,0.0,0.25,0.0,0.0,0.25,0.25,0.0,0.25,0.0,0.0
00581,0.25,0.0,0.25,0.0,0.0,0.25,0.0,0.25,0.0,0.0
00582,0.25,0.25,0.25,0.25,0.0,0.0,0.0,0.0,0.0,0.0
00583,0.0,0.0,0.25,0.0,0.25,0.0,0.25,0.25,0.0,0.0
00584,0.0,0.0,0.25,0.0,0.25,0.25,0.0,0.25,0.0,0.0
00585,0.0,0.0,0.25,0.0,0.25,0.25,0.25,0.0,0.0,0.0
00586,0.0,0.0,0.25,0.0,0.25,0.25,0.25,0.0,0.0,0.0
00587,0.0,0.0,0.25,0.0,0.25,0.25,0.25,0.0,0.0,0.0
00588,0.0,0.25,0.0,0.0,0.25,0.25,0.25,0.0,0.0,0.0
00589,0.0,0.25,0.0,0.0,0.25,0.25,0.25,0.0,0.0,0.0
00590,0.0,0.25,0.25,0.0,0.25,0.0,0.25,0.0,0.0,0.0
00591,0.25,0.25,0.25,0.25,0.0,0.0,0.0,0.0,0.0,0.0
00592,0.25,0.0,0.25,0.25,0.0,0.0,0.0,0.25,0.0,0.0
00593,0.0,0.0,0.25,0.0,0.25,0.25,0.25,0.0,0.0,0.0
00594,0.25,0.25,0.25,0.25,0.0,0.0,0.0,0.0,0.0,0.0
00595,0.0,0.0,0.0,0.0,0.25,0.25,0.25,0.25,0.0,0.0
00596,0.0,0.0,0.0,0.0,0.25,0.25,0.25,0.25,0.0,0.0
00597,0.25,0.0,0.25,0.25,0.0,0.0,0.0,0.25,0.0,0.0
00598,0.0,0.0,0.25,0.0,0.25,0.25,0.25,0.0,0.0,0.0
00599,0.0,0.0,0.0,0.0,0.25,0.25,0.25,0.25,0.0,0.0
00600,0.25,0.25,0.25,0.25,0.0,0.0,0.0,0.0,0.0,0.0
00601,0.25,0.25,0.25,0.25,0.0,0.0,0.0,0.0,0.0,0.0
00602,0.25,0.0,0.25,0.0,0.25,0.0,0.0,0.25,0.0,0.0
00603,0.25,0.25,0.25,0.25,0.0,0.0,0.0,0.0,0.0,0.0
00604,0.0,0.0,0.25,0.0,0.25,0.25,0.25,0.0,0.0,0.0
00605,0.25,0.25,0.25,0.25,0.0,0.0,0.0,0.0,0.0,0.0
00606,0.0,0.0,0.25,0.0,0.25,0.25,0.0,0.25,0.0,0.0
00607,0.25,0.0,0.25,0.25,0.0,0.0,0.0,0.25,0.0,0.0
00608,0.0,0.0,0.25,0.0,0.25,0.25,0.0,0.25,0.0,0.0
00609,0.0,0.0,0.25,0.0,0.25,0.25,0.25,0.0,0.0,0.0
00610,0.25,0.0,0.25,0.0,0.25,0.0,0.0,0.25,0.0,0.0
00611,0.0,0.0,0.25,0.0,0.25,0.25,0.25,0.0,0.0,0.0
00612,0.0,0.0,0.25,0.0,0.25,0.25,0.0,0.25,0.0,0.0
00613,0.25,0.0,0.25,0.25,0.0,0.0,0.0,0.25,0.0,0.0
00614,0.0,0.0,0.25,0.0,0.25,0.25,0.25,0.0,0.0,0.0
00615,0.0,0.0,0.0,0.0,0.25,0.25,0.25,0.0,0.25,0.0
00616,0.25,0.0,0.25,0.0,0.25,0.0,0.0,0.25,0.0,0.0
00617,0.0,0.0,0.0,0.0,0.25,0.25,0.25,0.25,0.0,0.0
00618,0.25,0.0,0.25,0.25,0.0,0.0,0.0,0.25,0.0,0.0
00619,0.25,0.0,0.25,0.25,0.0,0.0,0.0,0.25,0.0,0.0
00620,0.0,0.0,0.25,0.0,0.25,0.25,0.25,0.0,0.0,0.0
00621,0.25,0.0,0.25,0.25,0.0,0.0,0.0,0.25,0.0,0.0
00622,0.25,0.0,0.25,0.25,0.0,0.0,0.0,0.25,0.0,0.0
00623,0.25,0.25,0.25,0.25,0.0,0.0,0.0,0.0,0.0,0.0
00624,0.0,0.0,0.25,0.0,0.25,0.25,0.25,0.0,0.0,0.0
00625,0.0,0.0,0.25,0.0,0.25,0.25,0.0,0.25,0.0,0.0
00626,0.0,0.0,0.0,0.0,0.25,0.25,0.25,0.25,0.0,0.0
00627,0.25,0.25,0.25,0.25,0.0,0.0,0.0,0.0,0.0,0.0
00628,0.0,0.0,0.25,0.0,0.25,0.0,0.25,0.25,0.0,0.0
00629,0.0,0.0,0.0,0.0,0.25,0.25,0.25,0.25,0.0,0.0
00630,0.25,0.25,0.25,0.25,0.0,0.0,0.0,0.0,0.0,0.0
00631,0.25,0.0,0.25,0.25,0.0,0.0,0.0,0.25,0.0,0.0
00632,0.25,0.0,0.25,0.0,0.25,0.0,0.0,0.25,0.0,0.0
00633,0.25,0.0,0.25,0.0,0.25,0.0,0.0,0.25,0.0,0.0
00634,0.25,0.25,0.25,0.25,0.0,0.0,0.0,0.0,0.0,0.0
00635,0.25,0.25,0.25,0.25,0.0,0.0,0.0,0.0,0.0,0.0
00636,0.0,0.0,0.25,0.0,0.25,0.25,0.25,0.0,0.0,0.0
00637,0.25,0.25,0.25,0.25,0.0,0.0,0.0,0.0,0.0,0.0
00638,0.25,0.0,0.25,0.0,0.25,0.0,0.0,0.25,0.0,0.0
00639,0.25,0.25,0.25,0.25,0.0,0.0,0.0,0.0,0.0,0.0
00640,0.0,0.0,0.25,0.0,0.25,0.25,0.0,0.25,0.0,0.0
00641,0.25,0.0,0.25,0.25,0.0,0.0,0.0,0.25,0.0,0.0
00642,0.0,0.0,0.25,0.0,0.25,0.25,0.0,0.25,0.0,0.0
00643,0.25,0.0,0.25,0.25,0.0,0.0,0.0,0.25,0.0,0.0
00644,0.25,0.25,0.25,0.25,0.0,0.0,0.0,0.0,0.0,0.0
00645,0.0,0.0,0.0,0.0,0.25,0.25,0.25,0.25,0.0,0.0
00646,0.0,0.0,0.25,0.0,0.25,0.25,0.0,0.25,0.0,0.0
00647,0.0,0.0,0.0,0.0,0.25,0.25,0.25,0.25,0.0,0.0
00648,0.0,0.25,0.0,0.0,0.0,0.25,0.25,0.0,0.25,0.0
00649,0.0,0.0,0.0,0.25,0.25,0.25,0.25,0.0,0.0,0.0
00650,0.0,0.0,0.25,0.0,0.25,0.25,0.25,0.0,0.0,0.0
00651,0.0,0.0,0.25,0.0,0.25,0.0,0.25,0.25,0.0,0.0
00652,0.25,0.0,0.25,0.25,0.0,0.0,0.0,0.25,0.0,0.0
00653,0.25,0.25,0.25,0.25,0.0,0.0,0.0,0.0,0.0,0.0
00654,0.0,0.0,0.0,0.25,0.25,0.25,0.25,0.0,0.0,0.0
00655,0.0,0.0,0.25,0.0,0.25,0.25,0.25,0.0,0.0,0.0
00656,0.25,0.0,0.25,0.0,0.25,0.0,0.0,0.25,0.0,0.0
00657,0.25,0.0,0.25,0.25,0.0,0.0,0.0,0.25,0.0,0.0
00658,0.0,0.0,0.25,0.0,0.25,0.25,0.0,0.25,0.0,0.0
00659,0.25,0.0,0.25,0.25,0.0,0.0,0.0,0.25,0.0,0.0
00660,0.0,0.0,0.25,0.0,0.25,0.25,0.0,0.25,0.0,0.0
00661,0.0,0.0,0.25,0.0,0.25,0.25,0.0,0.25,0.0,0.0
00662,0.25,0.0,0.25,0.25,0.0,0.0,0.0,0.25,0.0,0.0
00663,0.25,0.25,0.25,0.25,0.0,0.0,0.0,0.0,0.0,0.0
00664,0.25,0.25,0.25,0.25,0.0,0.0,0.0,0.0,0.0,0.0
00665,0.0,0.0,0.25,0.0,0.25,0.25,0.0,0.25,0.0,0.0
00666,0.0,0.0,0.25,0.0,0.25,0.25,0.25,0.0,0.0,0.0
00667,0.0,0.0,0.25,0.0,0.25,0.25,0.25,0.0,0.0,0.0
00668,0.0,0.0,0.0,0.0,0.25,0.25,0.25,0.0,0.25,0.0
00669,0.0,0.0,0.25,0.0,0.25,0.25,0.0,0.25,0.0,0.0
00670,0.0,0.0,0.25,0.0,0.25,0.25,0.0,0.25,0.0,0.0
00671,0.25,0.0,0.25,0.0,0.25,0.0,0.0,0.25,0.0,0.0
00672,0.25,0.0,0.25,0.25,0.0,0.0,0.0,0.25,0.0,0.0
00673,0.0,0.0,0.25,0.0,0.25,0.25,0.25,0.0,0.0,0.0
00674,0.0,0.0,0.0,0.0,0.25,0.25,0.25,0.25,0.0,0.0
00675,0.0,0.0,0.25,0.0,0.25,0.25,0.25,0.0,0.0,0.0
00676,0.0,0.0,0.25,0.0,0.25,0.25,0.25,0.0,0.0,0.0
00677,0.0,0.0,0.25,0.0,0.25,0.25,0.0,0.25,0.0,0.0
00678,0.0,0.0,0.25,0.0,0.25,0.25,0.25,0.0,0.0,0.0
00679,0.0,0.0,0.25,0.0,0.25,0.25,0.25,0.0,0.0,0.0
00680,0.25,0.0,0.0,0.25,0.0,0.25,0.0,0.25,0.0,0.0
00681,0.25,0.25,0.25,0.25,0.0,0.0,0.0,0.0,0.0,0.0
00682,0.0,0.0,0.25,0.0,0.25,0.25,0.25,0.0,0.0,0.0
00683,0.25,0.0,0.25,0.0,0.25,0.0,0.0,0.25,0.0,0.0
00684,0.0,0.0,0.25,0.0,0.25,0.25,0.0,0.25,0.0,0.0
00685,0.0,0.0,0.25,0.0,0.25,0.25,0.0,0.25,0.0,0.0
00686,0.25,0.25,0.25,0.25,0.0,0.0,0.0,0.0,0.0,0.0
00687,0.25,0.0,0.25,0.0,0.25,0.0,0.0,0.25,0.0,0.0
00688,0.25,0.25,0.25,0.25,0.0,0.0,0.0,0.0,0.0,0.0
00689,0.0,0.0,0.25,0.0,0.25,0.25,0.25,0.0,0.0,0.0
00690,0.0,0.25,0.0,0.0,0.25,0.25,0.0,0.25,0.0,0.0
00691,0.0,0.0,0.25,0.0,0.25,0.25,0.0,0.25,0.0,0.0
00692,0.0,0.25,0.0,0.0,0.25,0.25,0.25,0.0,0.0,0.0
00693,0.0,0.0,0.25,0.0,0.25,0.25,0.0,0.25,0.0,0.0
00694,0.25,0.0,0.25,0.25,0.0,0.0,0.0,0.25,0.0,0.0
00695,0.0,0.0,0.25,0.0,0.25,0.25,0.0,0.25,0.0,0.0
00696,0.25,0.0,0.25,0.0,0.25,0.0,0.0,0.25,0.0,0.0
00697,0.25,0.0,0.25,0.25,0.0,0.0,0.0,0.25,0.0,0.0
00698,0.25,0.0,0.25,0.25,0.0,0.0,0.0,0.25,0.0,0.0
00699,0.0,0.0,0.25,0.0,0.25,0.25,0.0,0.25,0.0,0.0
00700,0.25,0.25,0.25,0.25,0.0,0.0,0.0,0.0,0.0,0.0
00701,0.25,0.0,0.0,0.0,0.25,0.25,0.0,0.25,0.0,0.0
00702,0.0,0.0,0.25,0.0,0.25,0.25,0.25,0.0,0.0,0.0
00703,0.0,0.0,0.0,0.0,0.25,0.25,0.25,0.25,0.0,0.0
00704,0.25,0.0,0.25,0.0,0.25,0.0,0.0,0.25,0.0,0.0
00705,0.0,0.0,0.0,0.0,0.25,0.25,0.25,0.0,0.25,0.0
00706,0.0,0.0,0.0,0.0,0.25,0.25,0.25,0.25,0.0,0.0
00707,0.25,0.25,0.25,0.25,0.0,0.0,0.0,0.0,0.0,0.0
00708,0.25,0.0,0.25,0.25,0.0,0.0,0.0,0.25,0.0,0.0
00709,0.0,0.0,0.0,0.0,0.25,0.25,0.25,0.0,0.25,0.0
00710,0.25,0.25,0.25,0.25,0.0,0.0,0.0,0.0,0.0,0.0
00711,0.25,0.25,0.25,0.25,0.0,0.0,0.0,0.0,0.0,0.0
00712,0.25,0.0,0.25,0.0,0.25,0.0,0.0,0.25,0.0,0.0
00713,0.25,0.0,0.0,0.25,0.0,0.25,0.0,0.25,0.0,0.0
00714,0.0,0.0,0.25,0.0,0.25,0.25,0.25,0.0,0.0,0.0
00715,0.0,0.0,0.25,0.0,0.25,0.25,0.25,0.0,0.0,0.0
00716,0.25,0.0,0.25,0.25,0.0,0.0,0.0,0.25,0.0,0.0
00717,0.0,0.0,0.25,0.0,0.25,0.25,0.25,0.0,0.0,0.0
00718,0.25,0.0,0.25,0.25,0.0,0.0,0.0,0.25,0.0,0.0
00719,0.25,0.0,0.25,0.0,0.25,0.0,0.0,0.25,0.0,0.0
00720,0.25,0.25,0.25,0.25,0.0,0.0,0.0,0.0,0.0,0.0
00721,0.0,0.0,0.25,0.0,0.25,0.25,0.25,0.0,0.0,0.0
00722,0.0,0.0,0.0,0.0,0.25,0.25,0.25,0.25,0.0,0.0
00723,0.0,0.0,0.25,0.0,0.25,0.25,0.0,0.25,0.0,0.0
00724,0.25,0.25,0.25,0.25,0.0,0.0,0.0,0.0,0.0,0.0
00725,0.0,0.25,0.25,0.0,0.25,0.0,0.0,0.25,0.0,0.0
00726,0.25,0.25,0.25,0.25,0.0,0.0,0.0,0.0,0.0,0.0
00727,0.25,0.0,0.25,0.25,0.0,0.0,0.0,0.25,0.0,0.0
00728,0.0,0.0,0.25,0.0,0.25,0.25,0.25,0.0,0.0,0.0
00729,0.25,0.0,0.25,0.25,0.0,0.0,0.0,0.25,0.0,0.0
00730,0.0,0.0,0.25,0.0,0.25,0.25,0.25,0.0,0.0,0.0
00731,0.25,0.25,0.25,0.25,0.0,0.0,0.0,0.0,0.0,0.0
00732,0.0,0.0,0.0,0.25,0.25,0.25,0.25,0.0,0.0,0.0
00733,0.25,0.25,0.25,0.25,0.0,0.0,0.0,0.0,0.0,0.0
00734,0.25,0.0,0.25,0.25,0.0,0.0,0.0,0.25,0.0,0.0
00735,0.0,0.0,0.25,0.0,0.25,0.0,0.25,0.25,0.0,0.0
00736,0.0,0.0,0.25,0.0,0.25,0.25,0.25,0.0,0.0,0.0
00737,0.0,0.0,0.25,0.0,0.25,0.25,0.0,0.25,0.0,0.0
00738,0.25,0.0,0.0,0.0,0.25,0.25,0.0,0.25,0.0,0.0
00739,0.0,0.0,0.0,0.0,0.25,0.25,0.25,0.25,0.0,0.0
00740,0.25,0.25,0.25,0.25,0.0,0.0,0.0,0.0,0.0,0.0
00741,0.25,0.25,0.25,0.25,0.0,0.0,0.0,0.0,0.0,0.0
00742,0.25,0.25,0.25,0.25,0.0,0.0,0.0,0.0,0.0,0.0
00743,0.0,0.0,0.25,0.0,0.25,0.25,0.0,0.25,0.0,0.0
00744,0.0,0.0,0.25,0.0,0.25,0.25,0.25,0.0,0.0,0.0
00745,0.25,0.0,0.25,0.0,0.25,0.0,0.0,0.25,0.0,0.0
00746,0.0,0.0,0.25,0.0,0.25,0.25,0.25,0.0,0.0,0.0
00747,0.25,0.0,0.25,0.0,0.25,0.0,0.0,0.25,0.0,0.0
00748,0.0,0.0,0.25,0.0,0.25,0.25,0.0,0.25,0.0,0.0
00749,0.25,0.25,0.25,0.25,0.0,0.0,0.0,0.0,0.0,0.0
00750,0.25,0.25,0.25,0.25,0.0,0.0,0.0,0.0,0.0,0.0
00751,0.0,0.0,0.0,0.0,0.25,0.25,0.25,0.25,0.0,0.0
00752,0.25,0.0,0.25,0.25,0.0,0.0,0.0,0.25,0.0,0.0
00753,0.0,0.0,0.0,0.0,0.25,0.25,0.25,0.25,0.0,0.0
00754,0.0,0.0,0.25,0.0,0.25,0.25,0.0,0.25,0.0,0.0
00755,0.25,0.25,0.25,0.25,0.0,0.0,0.0,0.0,0.0,0.0
00756,0.0,0.0,0.25,0.0,0.25,0.25,0.0,0.25,0.0,0.0
00757,0.0,0.0,0.25,0.0,0.25,0.25,0.0,0.25,0.0,0.0
00758,0.25,0.25,0.25,0.25,0.0,0.0,0.0,0.0,0.0,0.0
00759,0.25,0.0,0.25,0.0,0.25,0.0,0.0,0.25,0.0,0.0
00760,0.0,0.0,0.0,0.25,0.25,0.25,0.25,0.0,0.0,0.0
00761,0.25,0.0,0.0,0.0,0.25,0.25,0.25,0.0,0.0,0.0
00762,0.0,0.0,0.25,0.0,0.25,0.25,0.25,0.0,0.0,0.0
00763,0.0,0.0,0.0,0.0,0.25,0.25,0.25,0.25,0.0,0.0
00764,0.25,0.0,0.0,0.0,0.25,0.25,0.0,0.25,0.0,0.0
00765,0.0,0.0,0.25,0.0,0.25,0.25,0.0,0.25,0.0,0.0
00766,0.0,0.0,0.25,0.0,0.25,0.25,0.25,0.0,0.0,0.0
00767,0.25,0.0,0.25,0.25,0.0,0.0,0.0,0.25,0.0,0.0
00768,0.0,0.0,0.25,0.0,0.25,0.25,0.0,0.25,0.0,0.0
00769,0.0,0.0,0.25,0.0,0.25,0.25,0.25,0.0,0.0,0.0
00770,0.0,0.0,0.0,0.0,0.25,0.25,0.25,0.25,0.0,0.0
00771,0.25,0.0,0.25,0.0,0.25,0.0,0.0,0.25,0.0,0.0
00772,0.0,0.0,0.25,0.0,0.25,0.0,0.25,0.25,0.0,0.0
00773,0.25,0.0,0.25,0.25,0.0,0.0,0.0,0.25,0.0,0.0
00774,0.0,0.25,0.25,0.0,0.25,0.0,0.25,0.0,0.0,0.0
00775,0.0,0.0,0.25,0.0,0.25,0.0,0.25,0.25,0.0,0.0
00776,0.0,0.25,0.0,0.0,0.25,0.25,0.25,0.0,0.0,0.0
00777,0.0,0.0,0.0,0.0,0.25,0.25,0.25,0.25,0.0,0.0
00778,0.0,0.0,0.25,0.0,0.25,0.25,0.0,0.25,0.0,0.0
00779,0.0,0.0,0.25,0.0,0.25,0.25,0.25,0.0,0.0,0.0
00780,0.0,0.25,0.0,0.0,0.25,0.25,0.0,0.25,0.0,0.0
00781,0.0,0.0,0.25,0.0,0.25,0.25,0.25,0.0,0.0,0.0
00782,0.0,0.25,0.0,0.0,0.25,0.25,0.0,0.25,0.0,0.0
00783,0.0,0.0,0.25,0.0,0.25,0.25,0.25,0.0,0.0,0.0
00784,0.25,0.25,0.25,0.25,0.0,0.0,0.0,0.0,0.0,0.0
00785,0.25,0.0,0.25,0.0,0.25,0.0,0.0,0.25,0.0,0.0
00786,0.25,0.0,0.25,0.25,0.0,0.25,0.0,0.0,0.0,0.0
00787,0.25,0.0,0.25,0.25,0.0,0.0,0.0,0.25,0.0,0.0
00788,0.25,0.0,0.25,0.25,0.0,0.0,0.0,0.25,0.0,0.0
00789,0.0,0.0,0.25,0.0,0.25,0.25,0.25,0.0,0.0,0.0
00790,0.0,0.0,0.25,0.0,0.25,0.25,0.25,0.0,0.0,0.0
00791,0.0,0.0,0.25,0.0,0.25,0.25,0.25,0.0,0.0,0.0
00792,0.0,0.25,0.0,0.0,0.25,0.25,0.25,0.0,0.0,0.0
00793,0.0,0.0,0.25,0.0,0.25,0.25,0.0,0.25,0.0,0.0
00794,0.0,0.0,0.25,0.0,0.25,0.25,0.25,0.0,0.0,0.0
00795,0.25,0.0,0.25,0.25,0.0,0.0,0.0,0.25,0.0,0.0
00796,0.0,0.0,0.25,0.0,0.25,0.25,0.0,0.25,0.0,0.0
00797,0.25,0.0,0.25,0.25,0.0,0.0,0.0,0.25,0.0,0.0
00798,0.25,0.0,0.25,0.25,0.0,0.0,0.0,0.25,0.0,0.0
00799,0.0,0.25,0.25,0.0,0.25,0.0,0.0,0.25,0.0,0.0
00800,0.25,0.0,0.25,0.0,0.25,0.0,0.0,0.25,0.0,0.0
00801,0.25,0.0,0.0,0.0,0.25,0.25,0.0,0.25,0.0,0.0
00802,0.0,0.0,0.0,0.0,0.25,0.25,0.25,0.25,0.0,0.0
00803,0.25,0.25,0.25,0.25,0.0,0.0,0.0,0.0,0.0,0.0
00804,0.25,0.25,0.25,0.25,0.0,0.0,0.0,0.0,0.0,0.0
00805,0.0,0.0,0.25,0.0,0.25,0.25,0.25,0.0,0.0,0.0
00806,0.25,0.25,0.25,0.25,0.0,0.0,0.0,0.0,0.0,0.0
00807,0.0,0.0,0.25,0.0,0.25,0.25,0.0,0.25,0.0,0.0
00808,0.0,0.0,0.25,0.0,0.25,0.25,0.25,0.0,0.0,0.0
00809,0.25,0.0,0.25,0.25,0.0,0.0,0.0,0.25,0.0,0.0
00810,0.25,0.0,0.25,0.0,0.25,0.0,0.0,0.25,0.0,0.0
00811,0.0,0.0,0.25,0.0,0.25,0.25,0.25,0.0,0.0,0.0
00812,0.0,0.0,0.0,0.0,0.25,0.25,0.25,0.25,0.0,0.0
00813,0.0,0.0,0.25,0.0,0.25,0.25,0.25,0.0,0.0,0.0
00814,0.25,0.0,0.25,0.0,0.25,0.0,0.0,0.25,0.0,0.0
00815,0.0,0.0,0.25,0.0,0.25,0.25,0.0,0.25,0.0,0.0
00816,0.0,0.0,0.25,0.0,0.25,0.25,0.25,0.0,0.0,0.0
00817,0.0,0.25,0.25,0.0,0.25,0.0,0.25,0.0,0.0,0.0
00818,0.0,0.0,0.25,0.0,0.25,0.25,0.0,0.25,0.0,0.0
00819,0.0,0.0,0.25,0.0,0.25,0.0,0.25,0.25,0.0,0.0
00820,0.0,0.0,0.0,0.0,0.25,0.25,0.25,0.25,0.0,0.0
00821,0.0,0.0,0.25,0.0,0.25,0.25,0.25,0.0,0.0,0.0
00822,0.0,0.0,0.25,0.0,0.25,0.0,0.25,0.25,0.0,0.0
00823,0.0,0.0,0.25,0.0,0.25,0.25,0.0,0.25,0.0,0.0
00824,0.25,0.0,0.25,0.25,0.0,0.0,0.0,0.25,0.0,0.0
00825,0.0,0.0,0.25,0.0,0.25,0.25,0.0,0.25,0.0,0.0
00826,0.0,0.0,0.25,0.0,0.25,0.25,0.0,0.25,0.0,0.0
00827,0.0,0.0,0.25,0.0,0.25,0.25,0.0,0.25,0.0,0.0
00828,0.25,0.25,0.25,0.25,0.0,0.0,0.0,0.0,0.0,0.0
00829,0.25,0.25,0.25,0.25,0.0,0.0,0.0,0.0,0.0,0.0
00830,0.0,0.0,0.0,0.0,0.25,0.25,0.25,0.25,0.0,0.0
00831,0.0,0.0,0.25,0.0,0.25,0.25,0.0,0.25,0.0,0.0
00832,0.0,0.25,0.0,0.0,0.25,0.25,0.0,0.25,0.0,0.0
00833,0.0,0.0,0.25,0.0,0.25,0.25,0.0,0.25,0.0,0.0
00834,0.0,0.0,0.0,0.0,0.25,0.25,0.25,0.25,0.0,0.0
00835,0.25,0.0,0.25,0.0,0.25,0.0,0.0,0.25,0.0,0.0
00836,0.0,0.0,0.25,0.0,0.25,0.25,0.0,0.25,0.0,0.0
00837,0.0,0.0,0.25,0.0,0.25,0.0,0.25,0.25,0.0,0.0
00838,0.0,0.0,0.25,0.0,0.25,0.25,0.25,0.0,0.0,0.0
00839,0.0,0.0,0.25,0.0,0.25,0.25,0.0,0.25,0.0,0.0
00840,0.0,0.0,0.25,0.0,0.25,0.25,0.25,0.0,0.0,0.0
00841,0.25,0.25,0.25,0.25,0.0,0.0,0.0,0.0,0.0,0.0
00842,0.0,0.0,0.25,0.0,0.25,0.25,0.0,0.25,0.0,0.0
00843,0.25,0.25,0.25,0.25,0.0,0.0,0.0,0.0,0.0,0.0
00844,0.25,0.0,0.25,0.25,0.0,0.0,0.0,0.25,0.0,0.0
00845,0.0,0.0,0.25,0.0,0.25,0.25,0.25,0.0,0.0,0.0
00846,0.25,0.25,0.25,0.25,0.0,0.0,0.0,0.0,0.0,0.0
00847,0.25,0.0,0.25,0.25,0.0,0.0,0.0,0.25,0.0,0.0
00848,0.25,0.25,0.25,0.25,0.0,0.0,0.0,0.0,0.0,0.0
00849,0.0,0.0,0.25,0.0,0.25,0.25,0.25,0.0,0.0,0.0
00850,0.0,0.0,0.25,0.0,0.25,0.25,0.0,0.25,0.0,0.0
00851,0.0,0.0,0.25,0.0,0.25,0.25,0.25,0.0,0.0,0.0
00852,0.25,0.0,0.25,0.25,0.0,0.0,0.0,0.25,0.0,0.0
00853,0.0,0.0,0.25,0.0,0.25,0.0,0.25,0.25,0.0,0.0
00854,0.25,0.0,0.25,0.25,0.0,0.0,0.0,0.25,0.0,0.0
00855,0.25,0.0,0.25,0.0,0.25,0.0,0.0,0.25,0.0,0.0
00856,0.0,0.25,0.25,0.0,0.25,0.0,0.25,0.0,0.0,0.0
00857,0.25,0.25,0.25,0.25,0.0,0.0,0.0,0.0,0.0,0.0
00858,0.0,0.0,0.25,0.0,0.25,0.25,0.25,0.0,0.0,0.0
00859,0.25,0.0,0.25,0.25,0.0,0.0,0.0,0.25,0.0,0.0
00860,0.25,0.25,0.25,0.25,0.0,0.0,0.0,0.0,0.0,0.0
00861,0.25,0.25,0.25,0.25,0.0,0.0,0.0,0.0,0.0,0.0
00862,0.0,0.0,0.0,0.0,0.25,0.25,0.25,0.25,0.0,0.0
00863,0.0,0.0,0.25,0.0,0.25,0.25,0.25,0.0,0.0,0.0
00864,0.25,0.0,0.0,0.0,0.25,0.25,0.0,0.25,0.0,0.0
00865,0.25,0.0,0.25,0.25,0.0,0.0,0.0,0.25,0.0,0.0
00866,0.0,0.0,0.0,0.0,0.25,0.25,0.25,0.0,0.25,0.0
00867,0.0,0.0,0.25,0.0,0.25,0.25,0.25,0.0,0.0,0.0
00868,0.0,0.0,0.25,0.0,0.25,0.25,0.25,0.0,0.0,0.0
00869,0.0,0.0,0.25,0.0,0.25,0.25,0.25,0.0,0.0,0.0
00870,0.0,0.0,0.25,0.0,0.25,0.25,0.0,0.25,0.0,0.0
00871,0.25,0.25,0.25,0.25,0.0,0.0,0.0,0.0,0.0,0.0
00872,0.0,0.0,0.25,0.0,0.25,0.25,0.0,0.25,0.0,0.0
00873,0.25,0.0,0.25,0.0,0.25,0.0,0.0,0.25,0.0,0.0
00874,0.25,0.0,0.25,0.0,0.25,0.0,0.0,0.25,0.0,0.0
00875,0.0,0.0,0.25,0.0,0.25,0.25,0.0,0.25,0.0,0.0
00876,0.25,0.25,0.25,0.25,0.0,0.0,0.0,0.0,0.0,0.0
00877,0.0,0.0,0.25,0.0,0.25,0.25,0.25,0.0,0.0,0.0
00878,0.25,0.25,0.25,0.25,0.0,0.0,0.0,0.0,0.0,0.0
00879,0.25,0.25,0.25,0.25,0.0,0.0,0.0,0.0,0.0,0.0
00880,0.0,0.0,0.25,0.0,0.25,0.25,0.25,0.0,0.0,0.0
00881,0.25,0.25,0.25,0.25,0.0,0.0,0.0,0.0,0.0,0.0
00882,0.0,0.0,0.25,0.0,0.25,0.25,0.0,0.25,0.0,0.0
00883,0.25,0.0,0.25,0.25,0.0,0.0,0.0,0.25,0.0,0.0
00884,0.0,0.0,0.25,0.0,0.25,0.25,0.25,0.0,0.0,0.0
00885,0.25,0.0,0.25,0.25,0.0,0.0,0.0,0.25,0.0,0.0
00886,0.25,0.0,0.25,0.25,0.0,0.0,0.0,0.25,0.0,0.0
00887,0.0,0.0,0.0,0.0,0.25,0.25,0.25,0.25,0.0,0.0
00888,0.0,0.0,0.0,0.25,0.25,0.25,0.25,0.0,0.0,0.0
00889,0.0,0.0,0.25,0.0,0.25,0.25,0.25,0.0,0.0,0.0
00890,0.0,0.0,0.0,0.0,0.25,0.25,0.25,0.25,0.0,0.0
00891,0.25,0.0,0.25,0.25,0.0,0.0,0.0,0.25,0.0,0.0
00892,0.25,0.0,0.25,0.0,0.25,0.0,0.0,0.25,0.0,0.0
00893,0.25,0.0,0.25,0.25,0.0,0.0,0.0,0.25,0.0,0.0
00894,0.0,0.25,0.0,0.0,0.25,0.25,0.25,0.0,0.0,0.0
00895,0.0,0.0,0.0,0.0,0.25,0.25,0.25,0.25,0.0,0.0
00896,0.25,0.25,0.25,0.25,0.0,0.0,0.0,0.0,0.0,0.0
00897,0.0,0.0,0.25,0.0,0.25,0.25,0.0,0.25,0.0,0.0
00898,0.25,0.0,0.0,0.0,0.25,0.25,0.0,0.25,0.0,0.0
00899,0.0,0.0,0.25,0.0,0.25,0.25,0.25,0.0,0.0,0.0
00900,0.25,0.0,0.25,0.0,0.0,0.25,0.0,0.25,0.0,0.0
00901,0.0,0.0,0.25,0.0,0.25,0.25,0.25,0.0,0.0,0.0
00902,0.0,0.0,0.0,0.0,0.25,0.25,0.25,0.0,0.25,0.0
00903,0.0,0.0,0.0,0.0,0.25,0.25,0.25,0.25,0.0,0.0
00904,0.0,0.0,0.25,0.0,0.25,0.25,0.0,0.25,0.0,0.0
00905,0.0,0.0,0.25,0.0,0.25,0.25,0.0,0.25,0.0,0.0
00906,0.25,0.25,0.25,0.25,0.0,0.0,0.0,0.0,0.0,0.0
00907,0.0,0.0,0.25,0.0,0.25,0.25,0.0,0.25,0.0,0.0
00908,0.0,0.25,0.25,0.0,0.25,0.0,0.25,0.0,0.0,0.0
00909,0.25,0.0,0.25,0.0,0.25,0.0,0.0,0.25,0.0,0.0
00910,0.25,0.25,0.25,0.25,0.0,0.0,0.0,0.0,0.0,0.0
00911,0.0,0.0,0.0,0.0,0.25,0.25,0.25,0.0,0.25,0.0
00912,0.0,0.25,0.0,0.0,0.25,0.25,0.25,0.0,0.0,0.0
00913,0.25,0.0,0.25,0.0,0.25,0.0,0.0,0.25,0.0,0.0
00914,0.0,0.0,0.25,0.0,0.25,0.25,0.0,0.25,0.0,0.0
00915,0.0,0.0,0.25,0.0,0.25,0.25,0.0,0.25,0.0,0.0
00916,0.25,0.25,0.25,0.25,0.0,0.0,0.0,0.0,0.0,0.0
00917,0.25,0.0,0.25,0.0,0.25,0.0,0.0,0.25,0.0,0.0
00918,0.25,0.0,0.25,0.0,0.25,0.0,0.0,0.25,0.0,0.0
00919,0.25,0.25,0.25,0.25,0.0,0.0,0.0,0.0,0.0,0.0
00920,0.25,0.0,0.25,0.25,0.0,0.0,0.0,0.25,0.0,0.0
00921,0.25,0.0,0.25,0.25,0.0,0.0,0.0,0.25,0.0,0.0
00922,0.0,0.0,0.25,0.0,0.25,0.25,0.25,0.0,0.0,0.0
00923,0.0,0.0,0.0,0.0,0.25,0.25,0.25,0.25,0.0,0.0
00924,0.0,0.0,0.25,0.0,0.25,0.25,0.25,0.0,0.0,0.0
00925,0.0,0.0,0.25,0.0,0.25,0.25,0.25,0.0,0.0,0.0
00926,0.0,0.0,0.0,0.0,0.25,0.25,0.25,0.25,0.0,0.0
00927,0.25,0.0,0.25,0.0,0.25,0.0,0.0,0.25,0.0,0.0
00928,0.0,0.0,0.0,0.0,0.25,0.25,0.25,0.0,0.25,0.0
00929,0.25,0.25,0.25,0.25,0.0,0.0,0.0,0.0,0.0,0.0
00930,0.25,0.25,0.25,0.25,0.0,0.0,0.0,0.0,0.0,0.0
00931,0.25,0.0,0.0,0.0,0.25,0.25,0.0,0.25,0.0,0.0
00932,0.0,0.25,0.25,0.0,0.25,0.0,0.25,0.0,0.0,0.0
00933,0.0,0.0,0.25,0.0,0.25,0.25,0.0,0.25,0.0,0.0
00934,0.25,0.25,0.25,0.25,0.0,0.0,0.0,0.0,0.0,0.0
00935,0.0,0.25,0.0,0.0,0.25,0.25,0.0,0.25,0.0,0.0
00936,0.25,0.0,0.25,0.0,0.25,0.0,0.0,0.25,0.0,0.0
00937,0.25,0.0,0.25,0.0,0.25,0.0,0.0,0.25,0.0,0.0
00938,0.0,0.0,0.25,0.0,0.25,0.25,0.0,0.25,0.0,0.0
00939,0.25,0.25,0.25,0.25,0.0,0.0,0.0,0.0,0.0,0.0
00940,0.0,0.0,0.25,0.0,0.25,0.25,0.0,0.25,0.0,0.0
00941,0.25,0.0,0.25,0.0,0.25,0.0,0.0,0.25,0.0,0.0
00942,0.25,0.0,0.25,0.0,0.25,0.0,0.0,0.25,0.0,0.0
00943,0.0,0.0,0.0,0.0,0.25,0.25,0.25,0.25,0.0,0.0
00944,0.0,0.0,0.25,0.0,0.25,0.25,0.25,0.0,0.0,0.0
00945,0.0,0.0,0.25,0.0,0.25,0.25,0.25,0.0,0.0,0.0
00946,0.0,0.0,0.25,0.0,0.25,0.25,0.25,0.0,0.0,0.0
00947,0.0,0.0,0.0,0.0,0.25,0.25,0.25,0.25,0.0,0.0
00948,0.0,0.0,0.25,0.0,0.25,0.25,0.0,0.25,0.0,0.0
00949,0.0,0.0,0.0,0.0,0.25,0.25,0.25,0.0,0.25,0.0
00950,0.0,0.0,0.0,0.25,0.25,0.25,0.25,0.0,0.0,0.0
00951,0.0,0.0,0.25,0.0,0.25,0.25,0.25,0.0,0.0,0.0
00952,0.0,0.0,0.25,0.0,0.25,0.25,0.25,0.0,0.0,0.0
00953,0.25,0.0,0.25,0.25,0.0,0.0,0.0,0.25,0.0,0.0
00954,0.0,0.0,0.0,0.0,0.25,0.25,0.25,0.25,0.0,0.0
00955,0.25,0.0,0.25,0.25,0.0,0.0,0.0,0.25,0.0,0.0
00956,0.25,0.25,0.25,0.25,0.0,0.0,0.0,0.0,0.0,0.0
00957,0.25,0.25,0.25,0.25,0.0,0.0,0.0,0.0,0.0,0.0
00958,0.0,0.0,0.25,0.0,0.25,0.25,0.25,0.0,0.0,0.0
00959,0.25,0.25,0.25,0.25,0.0,0.0,0.0,0.0,0.0,0.0
00960,0.0,0.0,0.0,0.0,0.25,0.25,0.25,0.25,0.0,0.0
00961,0.0,0.25,0.0,0.0,0.0,0.25,0.25,0.25,0.0,0.0
00962,0.25,0.0,0.25,0.0,0.25,0.0,0.0,0.25,0.0,0.0
00963,0.25,0.25,0.25,0.25,0.0,0.0,0.0,0.0,0.0,0.0
00964,0.0,0.25,0.0,0.0,0.25,0.25,0.0,0.25,0.0,0.0
00965,0.25,0.0,0.25,0.0,0.25,0.0,0.0,0.25,0.0,0.0
00966,0.25,0.0,0.25,0.25,0.0,0.0,0.0,0.25,0.0,0.0
00967,0.0,0.0,0.25,0.0,0.25,0.25,0.0,0.25,0.0,0.0
00968,0.0,0.0,0.25,0.0,0.25,0.25,0.0,0.25,0.0,0.0
00969,0.0,0.0,0.25,0.0,0.25,0.25,0.25,0.0,0.0,0.0
00970,0.25,0.0,0.0,0.0,0.25,0.25,0.0,0.25,0.0,0.0
00971,0.0,0.0,0.25,0.0,0.25,0.25,0.0,0.25,0.0,0.0
00972,0.25,0.25,0.25,0.25,0.0,0.0,0.0,0.0,0.0,0.0
00973,0.0,0.0,0.0,0.0,0.25,0.25,0.25,0.0,0.25,0.0
00974,0.0,0.0,0.25,0.0,0.25,0.25,0.0,0.25,0.0,0.0
00975,0.0,0.0,0.25,0.0,0.25,0.25,0.25,0.0,0.0,0.0
00976,0.0,0.0,0.0,0.0,0.25,0.25,0.25,0.0,0.25,0.0
00977,0.0,0.0,0.25,0.0,0.25,0.25,0.0,0.25,0.0,0.0
00978,0.25,0.25,0.25,0.25,0.0,0.0,0.0,0.0,0.0,0.0
00979,0.0,0.0,0.25,0.0,0.25,0.25,0.25,0.0,0.0,0.0
00980,0.25,0.0,0.25,0.25,0.0,0.0,0.0,0.25,0.0,0.0
00981,0.0,0.0,0.0,0.0,0.25,0.25,0.25,0.25,0.0,0.0
00982,0.25,0.25,0.25,0.25,0.0,0.0,0.0,0.0,0.0,0.0
00983,0.25,0.25,0.25,0.25,0.0,0.0,0.0,0.0,0.0,0.0
00984,0.0,0.0,0.0,0.25,0.25,0.25,0.25,0.0,0.0,0.0
00985,0.25,0.0,0.25,0.0,0.25,0.0,0.0,0.25,0.0,0.0
00986,0.25,0.25,0.25,0.25,0.0,0.0,0.0,0.0,0.0,0.0
00987,0.25,0.0,0.25,0.0,0.25,0.0,0.0,0.25,0.0,0.0
00988,0.0,0.25,0.25,0.0,0.25,0.0,0.25,0.0,0.0,0.0
00989,0.25,0.0,0.25,0.25,0.0,0.0,0.0,0.25,0.0,0.0
00990,0.25,0.0,0.25,0.0,0.25,0.0,0.0,0.25,0.0,0.0
00991,0.0,0.0,0.25,0.0,0.25,0.25,0.25,0.0,0.0,0.0
00992,0.0,0.0,0.0,0.0,0.25,0.25,0.25,0.25,0.0,0.0
00993,0.25,0.25,0.25,0.25,0.0,0.0,0.0,0.0,0.0,0.0
00994,0.25,0.0,0.25,0.0,0.25,0.0,0.0,0.25,0.0,0.0
00995,0.0,0.0,0.0,0.0,0.25,0.25,0.25,0.25,0.0,0.0
00996,0.25,0.25,0.25,0.25,0.0,0.0,0.0,0.0,0.0,0.0
00997,0.25,0.25,0.25,0.25,0.0,0.0,0.0,0.0,0.0,0.0
00998,0.0,0.0,0.0,0.0,0.25,0.25,0.25,0.0,0.25,0.0
00999,0.25,0.25,0.25,0.25,0.0,0.0,0.0,0.0,0.0,0.0
